ITL1 Region,LA code,LA name,1998,1999,2000,2001,2002,2003,2004,2005,2006,2007,2008,2009,2010,2011,2012,2013,2014,2015,2016,2017,2018,2019,2020,2021,2022,2023
North East ,E06000001,Hartlepool,"10,003","10,577","10,775","10,854","11,468","12,071","12,544","13,017","13,575","14,229","14,491","14,057","14,393","14,921","15,319","15,766","15,520","16,371","17,674","17,944","17,649","18,090","18,300","17,912","18,853","20,154"
North East ,E06000004,Stockton-on-Tees,"15,842","16,434","16,793","16,947","17,748","18,943","20,406","21,005","22,415","23,558","23,733","24,244","24,251","24,342","24,620","25,427","26,158","27,628","28,028","27,682","28,169","29,771","29,025","30,906","33,034","33,314"
North East ,E06000002,Middlesbrough,"11,825","12,431","12,860","13,117","13,736","14,668","15,894","16,946","17,991","18,563","19,079","19,312","19,070","19,614","19,963","19,883","20,376","21,142","21,901","23,035","24,503","24,429","22,388","24,927","26,941","28,066"
North East ,E06000003,Redcar and Cleveland,"10,399","10,663","10,988","10,869","11,247","12,333","12,582","12,930","13,168","13,448","14,324","13,976","14,710","15,029","15,236","15,408","16,020","16,488","16,083","15,203","15,850","16,346","15,963","16,669","17,914","18,571"
North East ,E06000005,Darlington,"16,885","17,553","18,921","20,060","21,225","22,465","23,857","23,572","23,732","23,234","24,184","22,643","23,359","24,007","24,281","24,578","27,046","28,536","27,179","27,132","26,960","26,759","24,366","26,339","28,075","30,420"
North East ,E06000047,County Durham,"10,827","11,423","11,791","12,190","12,815","13,643","14,647","15,208","16,110","16,680","17,149","17,110","17,270","17,187","17,621","17,829","17,883","18,138","18,295","18,948","19,875","20,709","20,440","21,829","23,140","25,821"
North East ,E06000057,Northumberland,"11,284","11,379","11,603","12,064","12,904","13,343","14,242","14,760","15,461","15,790","16,145","15,652","16,173","16,721","16,919","17,086","17,636","18,000","18,576","18,953","19,286","20,270","18,627","20,031","21,912","23,339"
North East ,E08000021,Newcastle upon Tyne,"17,235","17,431","18,223","19,745","21,192","22,384","24,670","25,992","27,359","27,594","27,621","27,166","27,999","29,113","30,008","30,091","30,630","32,420","33,223","34,498","34,292","35,254","31,953","36,065","39,057","42,482"
North East ,E08000022,North Tyneside,"12,176","12,506","12,761","13,803","15,176","15,805","17,069","17,757","18,189","18,622","19,154","18,327","18,840","19,531","20,016","20,091","20,903","21,777","22,499","24,410","25,235","25,414","23,668","25,925","28,062","31,461"
North East ,E08000023,South Tyneside,"8,513","8,641","8,927","9,289","9,738","10,246","11,097","11,660","12,167","12,403","12,715","11,962","12,549","13,117","14,321","14,611","15,439","15,481","15,039","15,272","15,406","16,025","14,196","16,003","17,056","17,914"
North East ,E08000037,Gateshead,"14,981","15,254","15,790","16,584","17,624","18,414","19,953","21,077","22,058","22,374","22,141","21,043","21,803","22,872","23,369","22,304","22,570","22,784","23,358","23,612","23,975","26,316","22,987","26,175","26,979","28,679"
North East ,E08000024,Sunderland,"13,562","13,509","14,138","15,002","16,177","16,972","18,679","19,657","20,704","20,951","21,610","21,779","21,780","22,335","22,928","24,928","25,763","26,450","26,812","28,098","28,144","29,610","25,941","26,892","29,240","31,839"
North West ,E06000063,Cumberland,"15,452","16,407","15,902","16,232","16,889","17,783","17,911","19,180","20,355","20,672","22,173","21,598","22,302","22,070","22,594","23,907","25,194","25,675","25,390","25,297","25,322","26,286","23,630","24,168","27,689","29,664"
North West ,E06000064,Westmorland and Furness,"14,791","14,957","15,511","15,395","16,594","17,854","18,633","18,957","20,394","21,180","22,359","21,603","22,302","22,701","24,010","24,256","25,301","26,594","26,977","28,288","28,729","30,947","29,065","30,930","34,379","37,367"
North West ,E08000003,Manchester,"22,999","24,258","24,627","26,345","27,576","28,521","30,289","31,876","33,487","34,949","35,092","35,491","36,082","35,864","37,284","38,028","38,970","40,335","42,084","45,778","46,932","49,903","48,309","52,783","60,679","65,591"
North West ,E08000006,Salford,"16,427","17,394","17,728","18,810","19,615","20,530","22,242","23,845","24,987","26,105","26,175","25,752","26,039","26,143","27,605","29,878","31,468","31,408","30,319","30,883","32,686","33,927","34,583","36,829","40,229","41,269"
North West ,E08000009,Trafford,"21,973","23,199","24,356","26,093","27,388","28,332","29,131","30,274","31,403","32,592","32,971","31,764","31,930","32,106","32,972","34,183","34,604","36,790","38,111","40,389","42,346","43,104","42,767","46,812","50,931","55,182"
North West ,E08000007,Stockport,"13,976","14,809","15,427","16,114","16,860","17,693","18,468","19,325","20,195","21,189","21,867","21,907","22,046","21,935","22,707","22,963","22,945","22,986","23,857","25,518","26,374","26,604","26,801","28,088","31,706","34,446"
North West ,E08000008,Tameside,"10,444","11,116","11,509","11,848","12,302","12,733","13,110","13,917","14,262","14,835","14,875","14,552","14,789","15,047","15,449","15,947","16,399","16,527","16,399","17,453","17,699","17,788","17,412","17,809","19,119","20,205"
North West ,E08000001,Bolton,"12,770","13,338","13,454","14,188","14,588","15,127","15,898","16,756","17,374","17,976","17,867","17,808","18,096","18,261","19,042","19,862","20,215","20,905","21,489","22,369","23,403","23,200","23,451","24,055","25,340","28,044"
North West ,E08000010,Wigan,"10,522","11,061","11,468","12,018","12,417","12,891","13,358","13,956","14,437","14,925","14,604","14,113","14,352","14,609","15,146","16,059","16,479","17,450","17,883","18,575","18,718","18,621","18,637","19,727","21,550","22,869"
North West ,E08000002,Bury,"11,283","11,840","12,246","12,870","13,639","14,193","14,843","15,554","16,210","16,929","16,921","16,520","16,949","17,242","17,799","18,253","18,107","18,973","19,248","19,595","19,988","21,136","20,666","21,162","22,248","25,102"
North West ,E08000004,Oldham,"10,756","11,283","11,597","11,979","12,489","12,805","13,512","14,231","14,781","15,300","15,509","15,071","15,357","15,654","15,925","16,441","17,092","17,702","17,981","19,243","19,260","20,017","18,604","19,479","21,658","22,948"
North West ,E08000005,Rochdale,"11,316","11,973","12,201","12,676","13,053","13,453","14,137","14,709","14,980","15,658","15,628","15,265","15,803","15,987","16,938","17,512","17,655","18,098","18,160","18,538","19,168","19,823","19,068","19,824","22,148","23,651"
North West ,E06000008,Blackburn with Darwen,"12,557","13,176","13,333","13,615","14,191","15,203","15,860","16,181","16,523","17,175","17,577","16,866","17,671","18,244","19,100","19,554","20,490","21,539","22,380","22,662","22,947","23,391","22,780","25,665","28,295","29,985"
North West ,E06000009,Blackpool,"10,409","10,842","11,102","11,662","12,320","13,303","14,267","14,768","15,160","15,509","15,631","14,984","15,843","16,258","16,654","16,955","17,539","18,412","19,382","20,448","21,340","22,895","21,446","22,965","25,637","26,598"
North West ,E07000121,Lancaster,"13,218","13,541","13,290","13,591","14,649","16,193","17,260","18,544","19,762","20,604","20,863","18,739","18,676","18,947","19,574","20,872","21,202","22,482","22,439","22,825","22,927","23,984","23,703","24,624","27,182","30,570"
North West ,E07000128,Wyre,"9,781","10,193","10,394","10,568","11,058","11,984","12,487","12,675","12,851","13,109","13,599","12,977","13,532","14,099","14,487","15,002","15,542","17,606","17,991","18,028","18,704","19,354","17,371","19,041","20,695","21,364"
North West ,E07000119,Fylde,"25,341","27,488","28,993","30,562","30,739","33,184","36,108","37,723","37,931","39,143","39,901","36,315","35,486","35,497","35,757","36,188","33,312","35,224","37,587","38,927","36,030","36,915","33,927","36,495","40,455","43,445"
North West ,E07000123,Preston,"18,597","19,523","20,094","21,028","22,333","23,748","24,852","25,230","25,786","26,889","26,541","26,608","27,654","27,825","29,298","28,849","30,207","31,589","33,701","33,663","33,951","34,614","31,539","34,791","37,308","39,503"
North West ,E07000124,Ribble Valley,"21,230","22,215","22,795","23,631","24,152","25,852","27,494","28,221","28,414","28,916","29,382","26,494","26,532","28,381","29,403","31,993","33,133","34,014","32,522","33,108","32,749","30,272","32,215","37,385","37,243","38,033"
North West ,E07000126,South Ribble,"20,316","20,626","21,312","21,569","22,608","24,295","25,298","25,688","25,458","27,354","27,882","25,938","26,542","27,420","28,468","29,953","32,367","33,821","35,227","36,240","35,764","36,630","37,269","41,246","43,807","45,918"
North West ,E07000117,Burnley,"12,546","13,344","13,736","14,096","14,620","15,759","16,587","17,223","17,837","18,759","19,050","18,330","19,406","20,120","20,962","20,971","22,027","21,999","22,978","23,740","25,212","24,675","23,595","25,854","28,149","28,072"
North West ,E07000120,Hyndburn,"11,608","12,258","12,051","12,318","12,877","13,404","14,142","14,573","14,881","15,746","16,293","15,558","16,395","17,207","18,077","18,490","18,960","19,461","20,938","21,092","19,512","20,566","19,119","21,536","22,861","24,524"
North West ,E07000122,Pendle,"13,711","14,670","14,904","15,192","15,582","16,776","17,762","18,545","18,787","19,140","18,935","16,772","17,241","18,214","18,607","18,208","18,894","19,155","20,106","20,855","22,006","21,779","19,771","21,779","22,305","24,124"
North West ,E07000125,Rossendale,"11,133","11,494","11,715","11,827","12,457","13,308","13,871","14,055","14,281","14,785","14,888","14,366","14,988","15,542","15,333","15,776","16,734","17,574","17,434","17,422","17,271","17,854","16,264","18,522","20,017","21,634"
North West ,E07000118,Chorley,"11,798","12,290","12,709","13,229","14,041","14,867","15,452","15,676","15,962","16,646","17,035","16,424","17,267","17,450","17,604","17,582","18,036","18,617","19,397","19,570","20,288","22,145","20,482","23,666","25,171","27,305"
North West ,E07000127,West Lancashire,"13,255","13,855","14,009","14,330","15,132","16,039","16,945","17,131","17,431","18,254","18,815","18,686","19,554","20,122","20,168","20,331","21,554","21,809","23,774","24,813","25,518","26,652","25,582","28,273","30,748","33,703"
North West ,E06000007,Warrington,"21,224","21,602","22,619","24,686","25,719","26,577","27,541","29,062","30,156","31,486","30,939","29,162","29,810","30,455","31,169","32,514","34,094","35,637","37,208","39,748","40,103","42,773","42,285","44,725","48,938","54,025"
North West ,E06000049,Cheshire East,"18,737","19,724","20,481","23,528","24,195","23,379","25,837","27,228","28,970","29,414","29,027","28,090","29,251","30,713","32,134","32,857","34,639","35,901","38,753","38,392","39,251","40,220","38,501","38,347","42,288","45,078"
North West ,E06000050,Cheshire West and Chester,"17,154","18,500","18,308","19,863","20,266","21,586","22,233","23,053","24,605","26,238","26,533","27,349","28,870","28,794","29,160","30,072","31,390","30,560","31,742","33,826","34,094","35,819","33,220","36,714","39,841","43,099"
North West ,E06000006,Halton,"19,908","20,973","22,002","22,599","23,406","25,256","25,445","26,614","28,659","27,651","29,356","29,567","30,301","30,612","29,160","30,558","32,302","33,393","33,352","34,403","35,684","36,947","33,776","36,930","40,261","43,822"
North West ,E08000011,Knowsley,"12,350","12,655","12,796","13,639","14,160","15,165","15,815","15,833","16,722","17,446","18,196","17,858","19,410","20,169","20,831","22,644","23,695","24,459","26,003","27,550","26,826","27,906","26,048","29,072","30,404","32,499"
North West ,E08000013,St. Helens,"10,478","11,339","11,843","12,425","13,162","13,839","14,479","14,929","15,920","16,460","16,514","16,156","17,009","16,999","16,417","16,833","17,420","17,675","17,903","17,980","18,344","18,781","17,274","19,422","19,983","20,652"
North West ,E08000012,Liverpool,"14,475","15,442","16,428","17,599","18,549","20,302","21,499","22,453","24,391","24,371","25,515","26,326","26,660","26,819","26,342","26,858","28,166","28,638","28,826","29,774","30,153","32,439","31,200","35,005","37,803","40,392"
North West ,E08000014,Sefton,"8,754","9,395","9,716","10,321","11,072","11,811","12,475","12,894","13,684","13,926","14,404","14,471","15,030","14,898","14,838","15,244","15,747","16,189","16,742","17,406","17,875","18,137","17,714","20,163","21,346","22,550"
North West ,E08000015,Wirral,"9,419","10,141","10,466","11,085","11,720","12,550","13,378","13,620","14,348","14,565","14,971","14,883","15,292","15,554","15,670","16,139","16,725","17,482","17,365","18,115","18,543","19,563","19,085","20,321","22,098","23,944"
Yorkshire and The Humber,E06000010,"Kingston upon Hull, City of","13,145","13,746","14,766","15,593","16,670","17,821","18,200","18,863","20,549","21,492","23,438","23,324","22,476","21,941","22,103","22,220","22,354","23,311","23,898","24,638","25,364","25,742","23,170","27,135","28,363","30,522"
Yorkshire and The Humber,E06000011,East Riding of Yorkshire,"13,602","13,544","14,018","14,558","15,520","16,360","17,354","17,905","18,805","18,973","19,109","18,155","17,853","18,083","18,557","19,252","20,149","21,066","21,441","22,312","23,672","24,562","23,344","26,815","28,354","30,172"
Yorkshire and The Humber,E06000012,North East Lincolnshire,"12,602","12,990","13,526","14,060","14,570","15,289","15,883","16,519","17,325","18,461","18,732","18,414","18,214","18,950","19,166","19,956","21,226","22,210","22,315","22,962","22,984","24,115","24,367","27,803","28,644","30,755"
Yorkshire and The Humber,E06000013,North Lincolnshire,"16,651","16,421","17,048","17,686","18,038","20,016","21,266","22,143","21,599","24,161","25,590","23,043","24,525","22,823","22,855","23,572","23,924","26,317","27,059","29,055","28,670","33,365","29,279","37,218","37,672","36,004"
Yorkshire and The Humber,E06000014,York,"19,337","20,175","20,952","21,961","23,592","24,865","26,579","27,208","27,392","28,780","28,706","27,353","27,941","28,668","29,161","29,261","29,989","30,525","31,913","33,868","34,556","34,769","32,014","36,838","41,466","44,872"
Yorkshire and The Humber,E06000065,North Yorkshire,"15,021","15,321","15,910","16,556","17,892","18,779","19,459","20,033","20,928","21,927","22,233","21,462","21,627","22,658","22,970","23,855","24,433","24,887","25,838","27,423","27,612","28,644","27,084","30,392","32,943","35,742"
Yorkshire and The Humber,E08000019,Sheffield,"14,094","14,334","15,025","16,292","17,331","18,477","19,466","20,108","21,162","22,345","21,897","21,649","22,028","22,521","22,832","23,458","24,101","24,751","24,984","25,458","25,582","26,847","26,579","28,669","30,987","33,234"
Yorkshire and The Humber,E08000016,Barnsley,"10,525","10,647","11,063","11,542","11,990","12,688","13,499","13,893","14,371","15,273","14,877","14,132","14,707","15,254","15,675","16,175","16,894","17,276","17,498","18,246","18,907","19,679","18,796","20,314","22,281","23,519"
Yorkshire and The Humber,E08000018,Rotherham,"11,412","11,600","12,068","12,579","13,220","13,953","14,499","15,034","15,521","16,564","16,500","15,623","16,393","17,001","17,967","18,016","18,590","19,348","19,694","20,617","20,776","21,472","20,392","21,679","23,220","23,943"
Yorkshire and The Humber,E08000017,Doncaster,"10,828","11,087","11,462","11,973","12,532","13,266","14,198","14,564","15,365","16,258","16,153","15,142","15,704","15,974","16,336","16,744","17,776","19,037","19,461","21,257","21,409","22,171","21,477","22,871","25,121","26,332"
Yorkshire and The Humber,E08000032,Bradford,"12,640","13,346","13,518","13,895","14,249","14,923","15,598","16,171","16,601","17,230","17,541","17,034","17,122","17,751","18,069","18,374","18,526","19,073","19,471","20,372","20,587","20,680","20,198","21,832","23,166","23,945"
Yorkshire and The Humber,E08000035,Leeds,"18,847","20,112","20,786","21,529","22,562","24,383","25,989","27,372","29,020","30,523","30,236","29,828","30,472","31,131","31,582","32,228","32,918","33,803","33,921","34,735","36,489","37,337","34,870","38,651","43,702","47,411"
Yorkshire and The Humber,E08000033,Calderdale,"12,922","13,554","13,694","14,213","14,472","15,444","16,348","17,700","18,549","19,238","18,349","17,629","18,222","18,852","19,309","20,008","22,681","24,829","24,929","26,945","28,653","28,605","26,988","30,305","29,132","31,148"
Yorkshire and The Humber,E08000034,Kirklees,"11,873","12,434","12,622","12,869","13,090","13,723","14,170","14,727","15,102","15,715","15,757","15,179","15,460","15,840","16,252","16,532","17,093","17,892","18,253","19,424","20,226","20,359","19,440","21,171","22,677","24,016"
Yorkshire and The Humber,E08000036,Wakefield,"14,511","15,243","15,705","16,272","16,804","17,620","18,270","19,013","19,560","20,111","20,389","19,831","19,724","20,277","20,786","21,378","21,431","22,688","23,347","24,059","25,264","26,035","24,688","26,541","29,539","31,580"
East Midlands ,E06000015,Derby,"18,054","19,180","19,998","20,972","22,014","22,730","24,404","26,312","26,949","27,399","27,720","26,764","26,965","28,320","28,690","29,522","28,884","28,792","28,986","28,966","30,791","31,758","32,700","34,635","35,751","38,113"
East Midlands ,E07000033,Bolsover,"16,629","16,854","16,975","17,462","17,466","17,468","18,083","19,068","19,441","20,023","20,981","20,366","20,974","21,131","21,914","22,159","22,257","24,719","25,936","27,194","28,889","29,171","29,052","30,756","32,949","33,730"
East Midlands ,E07000034,Chesterfield,"13,098","13,544","13,975","14,796","15,493","15,890","16,783","17,810","18,251","18,959","19,213","18,487","19,491","19,642","20,952","21,344","22,095","23,393","24,002","24,890","25,734","26,196","27,550","29,973","32,069","32,633"
East Midlands ,E07000038,North East Derbyshire,"9,311","9,787","9,991","10,252","10,612","11,091","11,441","12,160","12,367","12,625","13,027","12,242","12,711","13,434","13,651","14,195","15,335","16,525","16,500","16,521","17,280","17,880","17,714","18,918","20,296","20,657"
East Midlands ,E07000032,Amber Valley,"14,891","15,030","14,820","15,101","15,629","16,000","16,699","17,691","18,124","18,713","19,121","17,892","18,789","19,182","20,191","20,836","21,849","22,534","22,909","23,226","23,917","25,123","24,910","26,121","28,174","30,519"
East Midlands ,E07000035,Derbyshire Dales,"14,175","14,683","14,879","15,607","16,107","16,727","17,617","18,668","18,982","19,469","19,915","18,834","19,959","20,566","21,838","22,115","22,083","22,427","23,576","23,979","25,553","25,497","24,538","26,177","29,248","30,921"
East Midlands ,E07000036,Erewash,"9,505","9,851","9,914","10,342","10,726","11,093","11,641","12,353","12,901","13,213","13,433","12,629","13,324","14,064","14,586","15,306","15,415","15,817","16,561","17,249","17,755","18,822","18,194","19,289","20,718","21,764"
East Midlands ,E07000037,High Peak,"11,921","12,171","12,219","12,550","13,077","13,654","14,216","14,822","14,904","15,021","15,361","14,235","14,607","15,394","16,028","16,033","16,774","17,740","18,501","19,138","19,654","19,563","19,032","20,323","22,774","22,766"
East Midlands ,E07000039,South Derbyshire,"18,338","18,543","18,331","18,174","18,719","19,570","20,195","21,647","20,828","20,803","21,571","19,646","22,524","23,171","24,020","27,187","27,971","27,370","29,332","29,760","30,765","34,480","32,454","32,418","29,322","30,769"
East Midlands ,E06000018,Nottingham,"18,016","19,027","19,575","20,886","21,884","22,951","24,700","25,567","27,167","27,967","28,463","27,762","28,561","29,543","30,146","30,492","32,419","32,816","33,556","34,801","35,336","35,602","34,364","36,048","39,553","42,837"
East Midlands ,E07000170,Ashfield,"17,712","17,587","17,714","17,864","18,486","18,516","19,408","20,258","20,961","21,601","21,953","21,016","21,821","21,969","22,391","22,977","23,580","23,839","23,816","24,142","24,793","25,329","24,286","25,879","27,107","28,942"
East Midlands ,E07000171,Bassetlaw,"13,012","13,656","13,893","14,129","14,757","15,301","16,019","16,509","17,049","17,486","17,718","17,207","17,943","18,626","19,396","19,827","20,090","20,791","21,184","21,440","22,243","23,079","23,245","23,950","26,144","27,131"
East Midlands ,E07000174,Mansfield,"9,531","9,928","10,098","10,552","10,981","11,469","12,212","12,812","13,246","13,642","13,713","12,965","13,405","13,998","14,629","14,677","15,427","15,978","16,235","16,609","17,487","18,175","17,908","18,845","20,693","22,211"
East Midlands ,E07000175,Newark and Sherwood,"13,705","14,451","14,831","15,027","15,544","16,281","16,596","17,262","17,972","18,409","18,763","18,158","18,712","19,974","20,346","20,694","20,738","21,854","22,424","23,279","23,748","24,391","23,321","24,572","27,484","27,416"
East Midlands ,E07000172,Broxtowe,"13,320","13,798","13,762","13,870","14,547","15,060","15,682","16,823","17,471","18,007","18,091","18,013","18,756","19,471","20,332","20,880","20,792","21,607","22,408","22,660","22,776","21,246","21,237","23,189","25,756","28,005"
East Midlands ,E07000173,Gedling,"9,136","9,435","9,578","10,005","10,353","10,643","11,041","11,565","12,077","12,507","12,801","12,214","12,603","12,992","13,720","13,630","13,835","14,501","14,897","15,284","15,489","15,778","15,825","17,133","18,372","19,680"
East Midlands ,E07000176,Rushcliffe,"13,763","14,518","14,911","15,623","15,670","15,997","17,035","17,884","18,510","19,641","20,357","19,512","20,062","20,127","20,864","21,857","22,417","22,945","23,094","24,061","27,339","29,856","28,539","28,177","31,789","33,353"
East Midlands ,E06000016,Leicester,"14,562","15,257","16,155","16,655","16,993","17,943","18,914","19,317","20,342","21,100","21,617","21,044","21,926","22,014","22,431","23,058","24,721","25,067","25,331","25,423","25,995","26,549","25,295","28,019","28,573","30,121"
East Midlands ,E06000017,Rutland,"16,033","16,137","17,024","17,315","17,456","18,156","18,857","19,334","20,167","20,324","21,146","20,146","21,235","21,103","21,775","21,592","22,206","23,339","24,188","23,368","23,832","23,521","22,770","25,695","27,937","30,010"
East Midlands ,E07000129,Blaby,"18,690","18,455","19,563","19,711","20,483","22,032","24,899","26,224","28,169","30,142","31,879","33,087","33,045","31,662","34,001","37,328","38,834","39,858","38,533","39,678","39,896","39,883","34,646","38,302","45,232","51,678"
East Midlands ,E07000130,Charnwood,"13,924","14,289","15,156","16,390","17,095","18,029","18,811","19,480","20,165","20,306","21,225","20,003","20,519","20,379","20,392","19,764","20,333","21,114","22,249","22,850","23,253","23,062","22,335","24,671","25,827","29,330"
East Midlands ,E07000131,Harborough,"15,883","16,476","16,870","16,712","17,175","18,309","18,636","19,418","20,539","21,489","21,775","20,378","21,528","21,424","21,605","21,829","23,612","24,302","24,225","25,287","25,648","26,755","24,899","26,498","27,983","29,276"
East Midlands ,E07000132,Hinckley and Bosworth,"13,426","13,511","14,432","14,825","15,175","15,906","16,350","16,762","18,208","19,075","20,060","18,315","19,648","20,021","20,551","21,498","22,533","22,449","22,503","23,492","23,736","24,386","22,747","25,625","27,485","28,708"
East Midlands ,E07000133,Melton,"15,131","15,030","15,416","15,589","16,289","16,689","17,010","17,065","18,381","19,275","20,087","20,042","20,790","20,561","21,064","21,627","21,583","23,948","24,934","25,226","26,636","27,755","25,750","28,898","30,008","30,920"
East Midlands ,E07000134,North West Leicestershire,"21,989","22,237","23,119","23,352","24,115","25,947","26,383","27,400","29,029","30,488","30,804","28,934","30,852","30,667","31,566","34,148","35,229","35,367","37,048","37,314","39,671","40,597","36,135","41,877","45,396","48,781"
East Midlands ,E07000135,Oadby and Wigston,"9,917","10,049","10,369","10,661","10,903","11,532","11,979","12,282","12,908","13,372","14,034","13,621","14,391","14,310","14,977","15,222","15,077","15,305","15,978","15,541","15,906","16,343","15,215","17,342","17,996","19,658"
East Midlands ,E06000062,West Northamptonshire,"17,551","17,847","19,017","19,515","19,981","20,757","21,751","22,625","24,194","25,406","26,038","24,897","26,016","26,330","26,319","27,757","28,692","29,290","30,045","31,333","32,896","33,804","31,959","35,383","37,970","40,137"
East Midlands ,E06000061,North Northamptonshire,"14,806","15,102","15,598","15,734","15,775","16,559","17,156","17,535","18,149","18,758","19,237","18,211","19,158","18,881","19,584","20,146","20,886","21,281","21,550","21,724","22,384","23,134","21,857","23,946","25,700","27,000"
East Midlands ,E07000136,Boston,"13,505","13,686","14,467","15,533","16,147","16,901","16,279","16,994","17,373","17,951","18,398","17,426","17,668","18,533","19,243","19,852","21,160","21,254","21,638","22,565","23,420","24,145","22,352","23,755","25,027","26,406"
East Midlands ,E07000137,East Lindsey,"10,966","11,084","11,489","12,104","12,789","13,183","13,021","13,486","14,386","14,565","15,353","14,715","15,294","16,136","16,532","17,447","17,834","18,082","18,362","19,189","19,500","20,800","19,470","21,135","22,196","23,403"
East Midlands ,E07000138,Lincoln,"16,177","16,466","16,765","17,837","18,981","20,398","20,296","21,153","22,864","24,157","25,672","25,044","25,233","25,405","25,150","25,931","26,421","27,754","27,742","28,337","29,520","30,740","28,916","30,594","31,996","34,815"
East Midlands ,E07000139,North Kesteven,"15,590","15,612","15,901","16,729","17,332","17,852","17,391","17,958","19,084","19,623","20,188","19,155","19,515","19,732","20,639","21,611","22,366","22,367","22,126","23,897","25,353","26,774","25,721","27,998","29,971","31,175"
East Midlands ,E07000140,South Holland,"15,511","15,704","16,287","17,328","17,466","17,898","16,901","17,396","18,051","18,747","18,989","18,302","18,597","19,061","20,120","21,410","21,856","21,876","22,818","24,666","25,855","26,412","25,923","28,372","28,210","30,193"
East Midlands ,E07000141,South Kesteven,"13,080","13,292","13,781","14,882","15,575","16,544","16,504","17,112","17,905","18,847","19,644","18,628","19,394","19,440","20,522","21,052","21,407","21,204","21,075","22,648","23,084","23,960","22,531","23,901","25,762","27,261"
East Midlands ,E07000142,West Lindsey,"10,843","10,914","11,973","12,268","12,774","13,143","12,919","13,231","13,810","14,083","14,888","13,961","14,369","14,779","15,269","16,441","17,137","17,211","17,070","17,834","19,060","20,826","19,976","22,319","23,736","24,843"
West Midlands ,E06000019,"Herefordshire, County of","14,037","14,714","15,321","15,416","16,141","16,588","16,498","16,941","17,428","17,738","18,490","17,667","17,977","18,980","19,567","20,379","21,375","21,883","22,178","23,125","24,189","24,965","23,653","25,353","27,826","29,729"
West Midlands ,E07000234,Bromsgrove,"17,249","17,872","18,899","18,923","18,658","19,775","21,470","22,737","24,798","22,271","23,725","25,059","25,690","27,145","28,800","29,731","29,910","28,360","29,390","32,905","33,298","33,066","31,833","33,180","39,103","42,016"
West Midlands ,E07000235,Malvern Hills,"13,165","14,128","14,698","15,433","16,648","17,045","17,664","17,786","18,499","19,052","19,715","19,109","20,275","21,434","21,091","21,009","21,742","21,818","22,358","23,201","24,693","26,109","23,991","24,393","27,092","29,549"
West Midlands ,E07000236,Redditch,"14,426","14,900","15,396","15,511","15,630","16,349","17,361","17,614","18,439","18,622","19,156","18,342","19,153","20,138","21,191","22,941","25,337","26,584","27,091","29,072","28,824","28,202","26,119","26,488","29,182","31,984"
West Midlands ,E07000237,Worcester,"17,764","18,586","19,391","19,625","20,175","21,644","22,979","23,401","24,803","25,317","25,825","25,183","25,944","26,980","29,046","30,566","31,144","31,948","29,689","31,116","31,939","32,494","32,079","33,744","37,875","40,027"
West Midlands ,E07000238,Wychavon,"14,331","14,986","15,607","15,895","15,911","16,845","17,571","17,882","18,855","19,275","20,162","19,019","19,527","20,965","21,949","22,162","23,519","24,197","24,497","25,457","26,521","27,472","26,785","27,903","29,357","31,287"
West Midlands ,E07000239,Wyre Forest,"10,117","10,582","10,926","11,095","11,367","12,020","12,526","12,864","13,486","13,810","14,163","13,466","13,838","14,592","15,112","15,321","15,866","15,710","16,188","16,793","17,263","17,791","16,959","18,105","19,988","20,789"
West Midlands ,E07000218,North Warwickshire,"23,812","25,695","26,526","26,609","27,061","28,485","29,460","30,657","32,401","32,601","33,172","31,457","33,451","35,090","38,124","40,320","41,624","43,576","42,762","47,331","51,681","51,260","47,545","50,231","56,855","62,052"
West Midlands ,E07000219,Nuneaton and Bedworth,"9,319","9,846","10,214","10,363","10,500","10,913","11,495","11,854","12,392","12,607","12,962","12,237","12,662","13,381","14,391","15,583","16,723","17,106","16,916","18,211","18,999","19,431","18,380","19,503","22,083","23,312"
West Midlands ,E07000220,Rugby,"18,121","19,604","20,363","20,667","21,065","22,069","23,656","23,991","24,863","25,229","25,760","23,766","24,643","25,500","26,233","26,673","27,433","28,720","29,768","31,372","30,895","29,734","27,965","29,801","34,416","37,972"
West Midlands ,E07000221,Stratford-on-Avon,"18,761","20,493","21,901","21,954","22,475","22,691","23,053","25,485","26,643","26,994","27,982","25,894","27,699","29,384","31,282","34,266","35,395","36,706","38,453","43,278","43,710","42,818","37,282","39,561","43,269","48,598"
West Midlands ,E07000222,Warwick,"21,591","22,886","23,318","23,282","24,129","26,298","26,977","27,595","28,913","29,194","30,055","29,496","30,526","32,130","33,421","36,883","40,012","43,372","44,353","49,248","48,274","49,110","47,189","45,346","53,019","61,354"
West Midlands ,E06000020,Telford and Wrekin,"16,903","17,469","17,424","18,056","18,489","19,225","20,170","20,673","21,211","21,619","22,223","21,323","21,904","22,698","23,267","24,200","24,581","24,596","26,445","27,109","27,699","28,823","28,657","31,935","32,846","33,349"
West Midlands ,E06000051,Shropshire,"13,602","13,808","14,165","14,661","15,444","16,200","16,853","17,500","17,935","18,261","19,112","18,118","18,569","19,075","19,400","20,282","20,971","21,137","21,738","22,101","22,950","23,076","21,812","24,609","25,840","27,310"
West Midlands ,E06000021,Stoke-on-Trent,"12,960","13,153","13,537","14,017","14,736","15,549","16,591","17,328","17,963","18,577","19,572","19,181","19,528","20,273","20,696","21,446","21,628","22,047","21,941","23,189","24,615","25,431","24,956","27,768","27,536","29,631"
West Midlands ,E07000192,Cannock Chase,"13,460","13,631","14,061","14,751","15,461","16,044","16,621","17,507","17,910","18,305","18,610","17,118","17,780","18,357","18,860","19,672","20,501","21,631","22,061","24,282","25,078","24,830","22,652","24,948","25,631","27,612"
West Midlands ,E07000193,East Staffordshire,"23,252","23,623","24,129","24,199","25,599","26,578","28,693","29,802","30,170","30,018","30,860","27,883","29,876","31,320","31,459","31,982","31,894","32,808","32,759","31,546","32,286","33,564","30,034","34,535","35,837","37,779"
West Midlands ,E07000194,Lichfield,"14,150","14,648","15,043","15,707","16,711","17,611","18,410","18,905","19,410","19,717","20,476","19,212","19,924","20,269","21,250","22,077","23,316","25,315","26,199","27,173","25,863","26,915","25,569","29,081","30,220","31,600"
West Midlands ,E07000195,Newcastle-under-Lyme,"11,705","11,970","12,142","12,657","13,232","13,889","14,753","15,473","15,801","16,254","17,066","16,379","17,019","17,678","17,586","18,048","18,555","19,184","19,603","20,022","20,570","21,507","19,977","23,205","23,451","24,831"
West Midlands ,E07000196,South Staffordshire,"11,202","11,440","11,710","11,988","12,686","13,130","13,597","13,927","14,425","14,663","15,123","14,286","14,961","15,552","15,474","15,829","16,231","16,978","17,755","18,996","19,586","20,965","20,862","23,387","22,787","24,006"
West Midlands ,E07000197,Stafford,"15,547","15,702","16,364","17,004","17,738","18,583","19,011","19,461","20,181","20,774","21,646","21,132","22,002","22,421","22,729","23,682","24,686","25,210","26,377","27,152","27,300","27,735","26,179","29,266","29,234","30,486"
West Midlands ,E07000198,Staffordshire Moorlands,"10,827","11,066","10,984","11,126","11,653","12,422","13,101","13,425","13,912","14,348","14,852","13,619","14,531","15,183","15,384","16,939","17,359","16,800","16,787","17,914","18,989","19,062","17,760","20,664","21,105","22,618"
West Midlands ,E07000199,Tamworth,"12,164","12,536","12,817","13,403","14,026","14,778","15,706","16,337","16,728","17,156","17,429","16,167","16,790","17,317","16,655","17,017","17,928","19,478","20,388","22,597","24,367","24,686","23,381","28,324","28,631","28,219"
West Midlands ,E08000025,Birmingham,"15,106","15,662","16,181","17,023","17,557","18,469","19,552","20,295","20,724","21,627","21,773","21,202","21,779","22,099","22,422","23,284","24,040","24,580","25,450","25,899","26,821","27,372","25,733","28,235","30,629","33,362"
West Midlands ,E08000029,Solihull,"22,702","23,132","24,507","25,596","25,890","26,774","27,383","28,488","28,991","30,018","29,721","27,701","29,900","30,810","32,172","33,314","34,749","37,955","42,537","46,131","47,389","48,567","41,928","44,033","49,512","53,082"
West Midlands ,E08000026,Coventry,"17,656","18,138","18,760","19,609","20,025","20,979","22,131","23,365","23,573","24,745","25,327","24,967","26,006","26,249","26,713","27,122","28,903","30,108","32,394","31,619","31,903","32,560","29,962","32,390","33,728","35,719"
West Midlands ,E08000027,Dudley,"12,027","12,453","12,685","13,243","13,625","13,926","14,425","14,851","15,249","15,856","15,867","14,836","15,418","15,847","16,469","16,799","17,169","17,293","17,845","18,434","18,656","19,151","17,669","19,590","21,082","21,766"
West Midlands ,E08000028,Sandwell,"14,268","14,539","14,747","15,104","15,649","16,255","16,675","17,145","17,750","17,869","17,925","17,231","17,419","17,353","17,782","18,142","19,390","19,805","20,482","21,215","21,782","21,588","20,752","21,581","22,558","24,012"
West Midlands ,E08000030,Walsall,"11,753","12,074","12,313","12,715","13,030","13,552","14,110","14,610","14,839","15,298","15,399","14,388","15,070","15,864","16,428","17,292","18,252","18,481","19,192","19,308","19,252","19,162","17,516","19,663","20,717","21,986"
West Midlands ,E08000031,Wolverhampton,"13,715","14,367","14,839","15,566","16,055","16,579","17,266","17,992","18,452","19,058","19,304","18,177","18,595","19,277","19,126","19,279","19,525","18,842","19,995","21,111","22,114","22,716","21,108","23,634","25,381","26,574"
East ,E06000032,Luton,"17,050","17,692","19,186","20,033","20,591","21,637","22,116","22,767","23,279","24,459","25,302","23,140","23,146","22,987","23,547","25,515","27,709","28,566","28,640","30,197","30,457","31,481","26,371","28,066","31,250","33,128"
East ,E06000055,Bedford,"16,040","16,641","17,112","17,766","18,350","19,188","19,743","21,159","21,726","22,375","23,250","22,269","22,092","22,010","22,217","22,598","23,675","24,252","24,607","26,186","26,098","27,054","24,411","26,916","29,447","30,789"
East ,E06000056,Central Bedfordshire,"14,391","14,821","15,657","16,082","16,661","17,221","17,437","18,266","18,394","18,793","19,359","18,307","18,810","19,262","19,642","20,733","21,653","22,298","23,475","25,134","25,194","24,716","21,886","23,813","25,646","27,639"
East ,E07000095,Broxbourne,"17,916","18,928","19,557","20,085","20,437","21,785","22,061","23,543","24,618","25,759","28,084","26,350","25,459","25,411","26,389","27,367","28,639","28,195","25,836","26,777","27,015","26,794","24,641","27,146","28,094","29,370"
East ,E07000099,North Hertfordshire,"16,735","17,620","18,760","19,181","19,550","20,550","20,843","22,133","22,319","22,641","23,230","22,393","22,946","23,328","23,742","25,214","26,675","27,042","27,479","28,943","30,135","30,933","30,943","34,569","35,626","39,553"
East ,E07000241,Welwyn Hatfield,"26,166","27,993","28,868","30,150","31,423","32,785","33,759","35,772","35,625","36,309","37,053","34,356","33,431","31,808","32,078","34,312","36,465","36,640","36,824","40,622","43,264","50,416","50,056","54,503","54,705","57,811"
East ,E07000242,East Hertfordshire,"17,441","19,192","20,121","20,724","21,118","22,222","22,671","24,813","26,659","28,007","31,228","29,163","27,510","26,595","24,624","24,679","25,997","26,311","29,658","29,799","29,928","31,237","29,219","32,359","33,586","38,837"
East ,E07000243,Stevenage,"20,604","21,921","22,504","22,953","23,606","25,158","26,991","29,504","30,052","30,725","31,394","28,809","28,457","27,868","29,226","30,665","31,206","31,741","31,481","33,433","32,654","33,010","29,584","32,588","35,376","38,267"
East ,E07000096,Dacorum,"17,272","18,056","19,017","19,833","20,652","21,764","22,726","23,934","24,490","25,556","26,351","24,803","24,885","25,490","25,465","26,059","26,871","27,697","28,461","31,337","32,043","33,560","33,489","37,123","40,188","44,201"
East ,E07000098,Hertsmere,"22,253","23,312","23,835","24,992","25,152","26,650","28,186","30,339","30,470","31,749","32,830","32,526","31,692","31,700","32,617","34,702","36,513","37,380","40,258","43,913","44,023","44,491","42,103","49,531","51,336","52,155"
East ,E07000102,Three Rivers,"23,797","24,528","25,173","26,890","27,623","29,771","31,101","31,787","31,564","32,996","33,427","31,645","32,296","33,796","32,877","36,752","40,850","41,966","43,424","48,586","51,540","53,953","49,364","51,622","53,350","59,580"
East ,E07000103,Watford,"25,481","26,757","28,296","29,867","31,432","33,565","35,638","37,006","38,467","40,394","40,954","39,372","38,143","38,141","39,348","41,887","44,215","48,408","51,478","56,484","55,384","53,971","47,465","51,367","52,846","54,399"
East ,E07000240,St Albans,"17,286","17,867","19,172","19,728","20,475","21,153","22,476","23,753","24,042","24,911","25,240","23,388","23,982","24,122","24,135","25,061","26,347","29,864","30,881","32,373","33,096","34,272","32,100","34,825","38,271","39,056"
East ,E06000033,Southend-on-Sea,"10,803","11,311","11,896","12,718","13,228","14,237","14,941","15,314","16,134","16,614","16,847","16,526","16,743","16,775","17,246","17,394","17,866","18,017","18,569","19,710","20,281","19,881","17,777","20,010","20,716","21,938"
East ,E06000034,Thurrock,"17,001","16,808","16,828","17,781","17,871","20,103","20,701","21,651","22,186","22,828","22,872","22,216","22,769","21,795","22,354","21,764","23,067","24,392","24,464","26,961","27,947","28,424","26,629","30,046","34,732","37,515"
East ,E07000067,Braintree,"14,343","14,223","14,888","15,606","15,634","16,931","17,172","17,465","17,884","18,238","18,380","17,534","18,209","18,093","18,368","18,966","20,781","22,500","25,475","28,581","28,017","26,395","23,857","27,376","29,195","30,338"
East ,E07000071,Colchester,"14,607","14,778","15,676","16,774","17,295","18,638","18,969","19,461","20,044","20,697","20,998","20,671","21,421","21,799","22,627","22,727","23,344","24,462","25,045","26,385","27,327","28,468","25,361","28,071","30,288","33,374"
East ,E07000076,Tendring,"9,127","9,312","9,469","9,894","10,065","10,915","11,371","11,693","11,970","12,340","12,947","12,148","12,837","13,143","13,251","13,539","13,842","14,415","14,878","15,790","16,012","16,684","15,578","17,139","18,234","19,728"
East ,E07000072,Epping Forest,"15,857","16,529","17,275","18,575","19,675","21,385","21,950","22,543","23,791","24,995","25,032","24,548","25,788","25,634","25,349","25,174","26,228","28,749","31,198","33,495","34,162","34,211","30,299","34,045","36,714","37,420"
East ,E07000073,Harlow,"20,097","20,230","20,761","21,855","22,957","25,438","26,680","27,410","28,339","29,097","28,996","26,060","27,230","25,800","24,808","25,347","25,121","25,792","26,500","28,151","28,727","26,761","24,254","27,706","29,404","31,364"
East ,E07000077,Uttlesford,"18,463","19,555","20,668","21,515","22,199","23,781","24,052","24,711","24,946","25,666","26,030","24,947","25,766","25,787","26,275","27,994","28,351","29,076","29,608","30,700","31,183","32,336","27,664","31,414","35,456","39,587"
East ,E07000068,Brentwood,"20,865","21,348","23,108","25,203","25,881","27,762","27,807","28,835","30,207","31,812","31,684","30,484","31,378","31,243","29,679","30,624","36,219","41,406","42,578","46,695","48,588","49,393","40,761","44,940","49,533","49,277"
East ,E07000070,Chelmsford,"18,400","18,570","19,535","20,900","21,238","22,810","23,130","23,616","24,620","25,520","25,420","25,270","25,628","25,789","27,343","27,659","28,997","28,583","28,995","30,227","31,403","32,691","31,331","35,166","38,560","40,611"
East ,E07000074,Maldon,"12,044","12,148","12,647","13,138","13,458","14,487","14,680","14,853","15,384","15,625","16,281","15,343","16,237","16,584","16,812","17,483","17,904","18,200","18,769","20,144","20,136","20,791","19,406","20,926","22,635","23,434"
East ,E07000066,Basildon,"19,348","19,276","20,745","21,738","22,225","24,059","24,207","24,954","25,749","26,562","27,796","25,715","27,514","27,642","28,829","30,290","31,183","30,577","31,763","32,880","33,938","35,809","34,412","37,678","41,805","41,440"
East ,E07000069,Castle Point,"7,630","7,850","8,210","8,675","8,917","9,627","9,742","10,036","10,312","10,758","11,040","10,518","11,007","11,296","11,555","11,816","12,454","12,957","13,003","13,708","14,049","14,472","13,724","15,207","16,924","17,563"
East ,E07000075,Rochford,"10,121","10,369","10,777","11,170","11,176","11,963","11,999","12,303","12,622","12,788","13,114","12,393","12,691","12,984","13,793","14,578","15,061","15,900","16,615","17,129","17,456","18,346","18,009","19,518","22,276","28,406"
East ,E06000031,Peterborough,"22,474","23,439","23,644","24,663","25,075","25,754","27,192","29,450","32,064","32,158","31,025","28,177","28,669","29,281","29,521","29,012","30,688","29,549","30,948","33,561","35,453","33,710","32,764","34,919","36,372","39,935"
East ,E07000008,Cambridge,"24,014","25,311","26,705","28,683","29,861","31,116","32,609","33,634","36,669","38,919","40,168","40,690","40,657","40,998","42,320","43,314","43,460","44,665","45,272","47,250","46,895","50,029","50,898","52,596","57,077","62,848"
East ,E07000009,East Cambridgeshire,"14,722","15,109","15,550","16,275","17,513","17,305","17,370","18,095","18,711","18,897","19,751","19,225","19,353","19,946","20,125","20,737","21,582","22,181","23,039","24,151","24,676","26,727","26,564","26,541","26,948","28,990"
East ,E07000010,Fenland,"13,009","13,264","14,030","14,598","15,341","15,713","15,698","16,174","16,524","16,737","17,177","17,005","17,611","18,265","18,635","19,340","19,673","19,496","19,538","20,238","20,034","20,698","19,942","21,626","23,120","25,074"
East ,E07000011,Huntingdonshire,"15,373","16,155","16,790","17,589","18,200","18,973","19,233","20,126","21,387","22,097","22,565","22,144","23,140","23,484","23,728","23,970","25,066","25,589","27,021","27,972","28,368","30,437","28,862","29,937","31,147","33,625"
East ,E07000012,South Cambridgeshire,"19,879","20,857","21,744","22,466","23,582","24,200","25,168","25,930","27,412","28,308","28,853","27,729","28,832","29,020","30,936","30,924","31,346","32,872","33,922","35,901","36,656","37,909","37,986","39,938","43,722","45,880"
East ,E07000144,Broadland,"12,272","12,327","13,132","13,455","14,288","15,133","15,410","15,833","17,209","18,148","19,721","21,215","21,356","20,886","21,667","23,195","23,243","24,334","26,275","29,541","28,049","34,092","30,707","34,484","36,568","40,086"
East ,E07000145,Great Yarmouth,"11,974","12,240","12,832","13,348","13,956","14,606","15,279","15,579","16,756","17,158","18,042","17,791","18,163","18,723","20,539","20,712","21,278","20,976","19,480","19,565","19,069","20,392","19,185","20,994","24,782","26,968"
East ,E07000148,Norwich,"16,638","17,639","18,687","19,622","20,340","21,334","22,435","23,891","25,705","26,332","26,225","25,767","25,892","26,465","27,161","28,493","29,438","29,625","29,553","31,201","30,676","32,445","30,100","31,306","33,482","36,261"
East ,E07000146,King's Lynn and West Norfolk,"14,171","14,681","15,289","15,634","16,211","16,925","16,877","17,630","18,077","18,445","19,088","18,917","19,208","19,787","20,550","21,161","21,501","21,575","22,228","22,421","22,741","23,622","22,581","23,212","25,008","26,639"
East ,E07000147,North Norfolk,"10,266","10,572","11,129","11,582","12,233","12,678","12,905","13,466","14,068","14,449","15,063","14,585","14,875","15,188","15,536","15,722","16,548","16,813","17,236","17,756","17,910","18,221","17,592","18,996","20,027","21,479"
East ,E07000143,Breckland,"11,344","11,688","12,295","12,929","13,494","13,931","14,208","14,751","15,774","16,071","16,565","16,424","16,789","17,314","17,384","17,888","18,566","19,026","19,637","19,986","19,967","21,186","20,737","22,081","23,559","25,486"
East ,E07000149,South Norfolk,"13,478","14,196","15,053","15,547","16,130","17,026","17,640","18,370","19,359","19,712","19,788","19,106","19,523","19,919","20,818","21,246","21,809","21,681","22,049","22,491","22,393","23,479","23,009","24,417","26,507","28,888"
East ,E07000200,Babergh,"13,606","14,096","14,687","15,254","15,740","16,096","16,332","16,643","17,421","17,882","18,169","17,547","18,632","19,025","19,326","19,742","20,559","20,754","21,189","21,554","21,390","22,566","21,688","23,264","24,634","25,940"
East ,E07000203,Mid Suffolk,"13,969","14,345","15,214","15,540","16,336","16,845","17,056","17,490","18,053","18,378","19,024","18,429","18,804","19,274","19,892","20,282","21,016","21,671","22,404","23,623","24,780","25,814","24,506","25,588","27,317","29,523"
East ,E07000202,Ipswich,"19,079","19,975","20,574","21,300","21,802","22,919","24,303","26,146","28,482","28,559","27,867","26,546","25,734","25,739","26,414","27,905","29,389","30,223","31,904","32,271","32,759","34,228","33,501","33,489","36,540","42,528"
East ,E07000244,East Suffolk,"13,516","14,114","14,820","15,237","15,910","16,708","17,118","17,907","18,597","18,950","19,167","18,391","18,976","19,783","20,531","21,246","21,781","21,844","22,162","23,170","23,533","25,174","23,542","25,370","28,100","29,399"
East ,E07000245,West Suffolk,"17,290","18,191","19,197","20,897","21,664","22,158","22,709","23,567","25,225","25,812","26,792","26,371","26,767","27,235","28,244","29,507","29,829","31,077","32,818","33,655","34,043","35,381","32,295","33,791","35,799","36,610"
London,E09000013,Hammersmith and Fulham,"25,569","26,835","28,094","28,801","29,499","31,324","32,676","34,218","34,197","37,020","39,350","37,685","38,707","40,662","43,595","46,472","50,529","53,391","54,620","58,224","61,763","66,269","63,075","66,464","68,634","78,796"
London,E09000020,Kensington and Chelsea,"29,087","30,073","30,885","30,831","31,516","32,292","34,033","35,363","37,575","42,238","45,208","42,337","44,059","47,871","55,096","60,765","65,424","66,218","67,629","69,102","74,954","72,067","62,249","67,028","80,303","83,471"
London,E09000032,Wandsworth,"13,812","14,855","15,611","16,277","16,837","17,432","17,982","18,872","19,459","20,899","21,299","19,880","20,238","21,097","22,495","23,381","24,912","26,290","26,484","25,980","26,463","26,301","23,101","25,561","28,336","31,224"
London,E09000001,City of London,"4,286,892","3,797,234","4,005,201","3,787,668","4,002,400","4,429,235","4,756,755","5,397,439","5,947,807","6,273,781","6,278,668","6,609,546","7,216,740","7,317,939","7,210,471","7,681,242","8,097,709","8,075,320","8,648,264","8,999,594","9,206,384","9,079,433","9,938,268","10,593,147","8,669,021","8,228,049"
London,E09000033,Westminster,"145,453","151,090","159,925","159,719","161,525","167,146","171,302","180,063","187,486","209,584","220,539","217,057","227,054","232,316","245,094","262,494","284,473","282,611","319,262","335,888","350,454","368,950","347,133","386,071","433,149","459,185"
London,E09000007,Camden,"57,804","59,643","62,909","63,882","65,554","69,884","73,934","78,222","80,782","88,402","92,192","90,204","91,930","94,242","97,732","104,783","115,925","133,914","150,021","157,890","163,620","165,446","139,607","160,658","180,219","188,289"
London,E09000012,Hackney,"14,318","15,001","15,845","16,341","16,736","17,694","18,375","19,512","20,007","21,221","21,424","20,542","21,302","22,430","22,749","23,301","25,373","26,232","27,496","29,694","33,106","37,898","37,859","42,085","48,251","54,199"
London,E09000025,Newham,"13,231","13,485","14,111","14,518","14,785","15,479","16,061","16,982","17,243","17,870","18,148","16,906","17,143","17,591","18,607","18,966","19,515","20,090","20,429","21,412","21,703","22,559","20,681","22,748","25,255","26,862"
London,E09000030,Tower Hamlets,"68,096","68,199","74,777","74,365","75,466","79,830","84,767","93,915","100,973","108,531","109,501","110,188","111,366","117,261","112,391","114,813","119,044","118,518","123,429","131,331","125,701","122,208","117,237","116,995","126,019","140,524"
London,E09000014,Haringey,"9,930","10,549","11,059","11,602","11,875","12,329","12,798","13,385","13,424","14,310","14,099","13,158","13,919","14,533","15,090","14,911","16,028","16,526","16,166","16,968","17,620","17,905","16,062","17,855","20,596","21,277"
London,E09000019,Islington,"42,962","45,753","50,096","51,070","52,748","55,522","58,451","61,502","63,749","69,307","72,011","69,746","71,618","73,387","74,699","79,453","84,302","87,112","88,266","88,920","93,767","95,712","88,248","97,646","116,943","123,409"
London,E09000023,Lewisham,"8,342","8,738","9,216","9,803","10,214","10,996","11,418","12,057","12,482","13,204","13,351","12,410","12,961","13,671","14,181","14,167","14,827","15,087","14,915","14,920","15,077","15,360","14,266","14,921","16,109","16,866"
London,E09000028,Southwark,"29,435","30,652","33,343","33,990","35,215","37,112","38,819","41,428","42,210","46,054","47,807","47,239","49,745","53,987","55,762","56,812","55,566","58,994","62,201","63,493","68,488","72,156","65,659","69,660","77,638","86,386"
London,E09000022,Lambeth,"19,503","20,698","22,362","23,530","23,957","25,443","26,689","28,678","28,962","31,842","33,285","31,881","34,235","35,841","35,904","33,822","37,714","38,564","40,145","40,963","42,038","41,980","37,215","42,897","50,556","52,039"
London,E09000004,Bexley,"15,956","16,766","17,347","18,042","18,714","19,646","20,069","21,014","22,023","23,001","23,310","21,938","22,426","22,734","24,318","26,693","26,913","27,752","28,991","28,168","28,224","28,898","25,919","27,351","28,870","30,178"
London,E09000011,Greenwich,"13,978","14,847","15,233","15,499","15,994","16,768","17,430","18,189","19,029","19,592","19,844","18,213","19,075","19,473","19,561","19,935","20,532","20,746","21,268","22,288","22,803","23,710","20,332","22,177","24,991","25,475"
London,E09000002,Barking and Dagenham,"16,370","16,089","15,901","15,719","15,645","16,186","16,994","17,090","18,621","19,356","19,358","17,460","18,935","19,199","19,773","20,937","20,734","20,043","19,102","18,769","19,000","19,117","16,355","18,841","20,969","22,104"
London,E09000016,Havering,"15,060","15,821","16,494","17,136","17,751","18,804","19,461","20,397","21,407","22,335","21,842","20,004","20,617","20,683","22,021","22,496","23,495","23,781","24,431","24,664","25,458","25,877","23,648","26,840","30,508","31,165"
London,E09000026,Redbridge,"12,585","13,281","13,776","14,093","14,653","15,381","16,081","16,637","17,363","17,796","17,472","15,822","16,171","16,360","17,319","17,487","17,674","18,398","18,718","19,042","19,255","18,781","16,691","18,859","21,091","22,456"
London,E09000031,Waltham Forest,"10,901","11,596","12,026","12,515","13,068","13,850","14,428","15,069","15,696","16,184","15,624","14,009","14,352","14,624","15,537","15,820","16,544","17,172","17,451","17,672","18,030","18,499","16,202","18,022","20,705","22,181"
London,E09000010,Enfield,"15,780","16,538","17,133","17,713","18,319","19,544","20,371","21,093","22,240","23,208","22,747","20,481","21,438","21,526","22,109","22,662","23,468","24,373","24,803","24,800","26,436","27,217","24,628","27,115","29,108","29,984"
London,E09000006,Bromley,"17,123","17,995","18,286","18,797","19,801","21,058","21,984","22,807","24,301","25,173","24,832","23,014","23,595","24,067","24,955","25,486","25,643","25,836","26,897","27,744","28,192","27,579","24,789","25,508","28,618","30,010"
London,E09000008,Croydon,"17,045","18,034","18,905","19,481","20,038","21,243","22,062","23,106","23,907","25,377","24,833","23,361","23,142","22,982","23,183","23,415","25,367","25,402","25,845","26,494","28,355","29,667","27,430","29,246","32,665","34,353"
London,E09000021,Kingston upon Thames,"20,383","21,348","22,277","22,706","23,456","24,784","25,850","26,740","27,910","29,603","29,747","27,847","28,031","28,451","28,746","28,481","30,454","30,541","33,796","33,947","34,792","35,068","30,667","30,283","34,332","36,814"
London,E09000024,Merton,"18,986","19,958","20,480","20,723","21,121","22,152","22,930","23,876","24,687","25,874","25,794","23,519","24,279","24,893","25,577","26,803","28,376","28,714","29,271","28,965","29,306","30,131","26,955","29,703","32,291","35,269"
London,E09000029,Sutton,"15,509","16,289","17,140","17,549","18,169","19,157","19,909","20,817","21,778","22,904","22,791","20,792","21,323","21,635","22,093","22,167","23,022","22,808","23,661","24,090","23,933","24,213","21,921","23,697","26,942","29,323"
London,E09000003,Barnet,"15,460","16,345","16,874","17,267","18,020","19,018","19,647","20,280","21,464","22,230","21,770","20,236","20,805","21,137","22,485","22,738","23,822","24,357","25,082","25,249","25,821","26,147","24,591","26,741","30,445","31,118"
London,E09000005,Brent,"17,475","18,851","19,468","19,759","20,471","21,324","21,799","22,756","23,722","24,174","23,592","21,601","22,088","22,318","23,682","24,434","26,115","27,088","27,959","28,164","27,905","29,163","26,810","28,561","32,079","33,670"
London,E09000009,Ealing,"17,906","18,709","19,396","19,855","20,346","21,459","21,963","22,595","23,634","24,580","24,324","22,271","22,885","23,412","24,728","25,809","27,391","28,233","29,202","28,620","28,792","28,499","26,979","27,624","30,155","30,308"
London,E09000015,Harrow,"14,616","15,443","15,831","16,275","16,923","17,998","18,505","18,795","19,565","20,475","20,118","18,274","19,041","19,493","19,798","20,030","21,371","22,113","22,825","23,170","23,396","23,535","20,929","22,854","24,975","26,635"
London,E09000017,Hillingdon,"38,425","40,257","42,001","42,262","42,757","44,452","45,992","47,268","47,681","49,246","48,432","43,303","44,900","46,403","46,082","47,982","51,731","51,632","49,764","51,743","52,408","52,523","38,725","39,571","47,020","48,916"
London,E09000018,Hounslow,"31,818","33,878","36,474","37,756","38,861","40,082","40,392","41,779","46,023","48,721","50,906","48,364","49,239","49,619","51,527","55,314","58,990","61,197","63,820","63,871","62,058","63,819","48,041","47,704","58,968","61,069"
London,E09000027,Richmond upon Thames,"21,212","22,178","23,349","23,853","24,287","25,213","26,009","26,983","28,336","30,094","29,999","28,533","28,519","29,326","31,222","31,934","32,768","34,728","36,808","38,613","42,233","41,685","36,194","38,215","42,431","43,282"
South East ,E06000042,Milton Keynes,"27,343","27,914","29,290","30,749","32,614","34,960","34,722","35,860","37,052","38,440","38,924","36,768","37,877","38,867","39,317","40,724","44,404","48,543","47,149","50,601","52,115","53,137","50,339","53,019","58,023","59,940"
South East ,E06000060,Buckinghamshire,"19,441","20,278","21,227","21,913","22,594","23,598","23,878","24,991","25,642","26,626","27,730","26,852","27,109","28,098","28,480","29,080","29,743","29,761","30,135","30,443","31,386","33,544","32,153","33,795","35,600","37,698"
South East ,E07000177,Cherwell,"21,118","21,762","22,491","23,064","23,924","24,555","24,700","25,449","25,830","26,907","28,235","27,006","27,758","28,510","29,357","30,187","32,107","32,395","32,751","33,193","34,227","36,243","35,598","35,715","37,802","40,539"
South East ,E07000178,Oxford,"20,795","21,625","23,193","24,707","26,699","27,987","28,713","28,944","30,309","31,624","34,041","33,437","34,503","35,254","35,977","37,015","39,784","40,453","40,686","40,870","42,569","46,190","47,160","50,108","55,275","55,374"
South East ,E07000179,South Oxfordshire,"18,879","19,668","20,218","20,101","21,294","22,340","22,282","23,370","23,789","24,792","25,398","24,243","25,231","26,233","26,319","27,706","28,758","30,705","28,330","29,426","30,382","33,123","34,156","34,063","35,339","36,407"
South East ,E07000180,Vale of White Horse,"21,678","22,221","22,953","23,398","24,579","25,896","26,182","27,614","28,365","29,610","31,030","30,414","31,446","32,441","34,263","35,281","34,832","35,649","34,531","35,447","36,534","36,499","38,220","38,306","43,233","44,434"
South East ,E07000181,West Oxfordshire,"17,103","17,254","18,067","18,654","19,750","20,180","20,008","20,794","21,293","22,058","23,437","22,262","22,823","23,769","24,253","24,808","26,070","26,448","27,146","27,706","29,264","31,022","29,879","29,825","32,302","34,492"
South East ,E06000036,Bracknell Forest,"26,386","27,674","28,728","29,954","31,772","34,007","33,902","35,305","36,405","38,341","39,657","38,434","39,743","41,263","42,363","42,247","42,861","45,518","43,729","45,829","46,610","46,994","42,975","44,528","44,719","46,508"
South East ,E06000039,Slough,"39,775","42,788","45,881","46,386","48,234","51,192","52,442","53,883","54,668","55,636","56,129","54,108","53,690","55,411","54,527","55,402","56,591","54,716","55,047","54,127","56,039","58,821","61,866","63,772","66,178","71,165"
South East ,E06000040,Windsor and Maidenhead,"27,261","28,875","29,969","30,958","32,190","34,478","34,698","36,361","36,923","38,343","39,517","38,737","39,206","40,877","42,198","44,768","44,711","46,692","49,397","53,696","54,011","53,423","51,277","53,681","55,122","56,045"
South East ,E06000037,West Berkshire,"27,738","29,876","31,667","31,889","33,038","34,417","35,585","37,632","39,036","40,060","40,775","39,585","40,039","42,040","44,862","45,816","45,556","48,657","48,283","48,239","50,744","56,091","58,286","57,401","56,119","62,603"
South East ,E06000038,Reading,"26,598","29,099","31,457","31,357","32,072","34,159","36,232","38,204","39,193","40,530","41,982","42,329","41,792","43,336","44,793","44,670","46,930","46,257","47,657","47,224","51,743","52,684","50,383","54,432","59,000","65,090"
South East ,E06000041,Wokingham,"20,959","22,352","22,825","23,526","24,958","27,727","28,664","30,391","31,925","33,860","34,169","33,516","34,247","35,846","36,918","35,042","38,275","38,542","39,944","41,907","45,595","50,575","51,550","53,067","54,683","59,523"
South East ,E06000043,Brighton and Hove,"15,275","16,204","16,982","18,065","18,796","19,478","20,265","21,345","22,672","23,292","24,114","23,798","23,833","24,258","25,909","27,446","28,655","29,393","30,759","32,223","33,289","35,207","34,343","37,501","43,032","47,461"
South East ,E07000061,Eastbourne,"12,046","12,694","13,248","13,855","14,439","14,993","15,218","15,807","16,414","16,792","17,582","17,065","17,448","17,888","17,748","18,044","18,486","18,311","20,033","20,813","20,977","22,195","22,185","23,589","24,720","26,035"
South East ,E07000062,Hastings,"10,713","10,896","11,171","11,546","12,193","12,615","13,166","13,487","14,058","14,312","15,281","14,881","15,366","16,082","15,980","16,175","17,028","17,671","18,882","19,260","19,404","20,346","19,639","21,229","22,276","24,298"
South East ,E07000063,Lewes,"11,906","12,313","12,891","13,565","13,865","14,409","14,591","15,268","15,759","16,157","16,968","16,172","16,408","16,528","16,583","17,167","17,848","18,951","19,532","20,453","21,434","22,357","22,319","22,736","25,416","27,894"
South East ,E07000064,Rother,"9,635","10,224","10,653","11,265","11,630","12,071","12,323","12,891","13,416","13,750","14,348","13,712","13,786","13,989","13,947","14,707","15,390","16,379","16,975","16,693","16,758","17,803","17,482","19,365","20,157","21,357"
South East ,E07000065,Wealden,"11,754","12,469","12,953","13,348","13,765","14,039","14,121","14,707","15,228","15,557","16,507","15,515","16,050","16,197","16,210","16,555","17,385","18,163","18,687","19,292","19,666","20,206","19,194","20,830","22,160","23,679"
South East ,E07000207,Elmbridge,"22,738","23,893","25,372","26,149","26,057","26,572","27,155","27,715","29,321","29,990","30,948","29,588","30,382","31,700","32,136","33,139","39,665","44,084","46,349","48,789","51,403","55,454","53,632","53,691","53,338","59,661"
South East ,E07000209,Guildford,"23,323","24,441","25,873","26,202","27,112","28,053","28,881","30,080","31,514","32,507","34,076","33,455","34,517","34,151","35,106","36,282","36,243","38,367","38,235","38,197","40,341","43,390","42,444","45,749","47,856","49,203"
South East ,E07000212,Runnymede,"33,630","36,037","37,321","39,075","41,334","43,261","44,489","45,557","48,931","51,189","55,127","55,833","56,256","56,360","61,168","64,753","68,850","67,632","70,775","76,729","76,523","79,941","83,861","76,488","87,834","88,372"
South East ,E07000213,Spelthorne,"19,881","21,344","23,015","23,631","23,886","24,784","25,433","27,242","28,210","28,530","29,635","28,272","28,847","29,312","29,634","30,335","31,003","32,036","32,035","32,504","33,771","36,061","36,921","38,474","43,620","44,680"
South East ,E07000214,Surrey Heath,"24,605","25,270","26,592","27,404","27,939","28,972","29,494","30,224","32,081","33,163","33,736","32,723","35,806","35,951","37,623","39,236","36,597","39,376","38,523","38,734","43,080","47,470","48,099","45,247","46,824","47,489"
South East ,E07000216,Waverley,"17,531","18,488","19,705","20,488","21,186","22,062","22,572","23,690","25,176","25,623","26,638","25,637","26,181","26,724","26,107","26,862","27,831","29,434","28,673","29,132","28,921","30,114","29,901","31,717","33,420","34,317"
South East ,E07000217,Woking,"21,718","23,124","24,831","25,594","26,599","27,420","27,922","29,073","30,637","30,917","31,965","30,731","31,086","31,541","31,019","32,472","35,180","32,888","32,793","33,109","34,074","33,469","31,849","33,052","33,966","35,328"
South East ,E07000208,Epsom and Ewell,"15,658","16,453","17,406","18,088","18,896","19,430","19,844","20,228","21,468","21,788","22,506","21,763","22,274","22,264","23,004","22,159","22,781","23,673","24,137","23,993","23,709","24,729","24,021","24,744","26,905","29,389"
South East ,E07000210,Mole Valley,"27,529","28,893","30,780","32,079","32,983","33,514","35,479","37,690","40,791","41,924","42,616","41,482","42,315","43,047","49,975","55,284","55,416","49,153","50,353","50,837","52,254","53,853","49,990","50,363","58,070","66,797"
South East ,E07000211,Reigate and Banstead,"36,144","37,238","38,173","39,347","40,281","40,774","43,753","46,081","51,393","52,922","52,347","53,253","53,653","51,964","52,491","53,368","52,151","51,487","48,451","50,476","44,274","44,602","40,458","43,729","49,186","51,508"
South East ,E07000215,Tandridge,"15,298","16,233","16,824","17,238","18,141","18,764","19,098","19,785","20,783","21,457","22,228","20,816","21,761","22,006","20,882","21,790","23,808","25,105","25,342","24,471","24,842","25,843","24,082","26,174","28,689","31,651"
South East ,E07000223,Adur,"12,579","13,113","13,613","14,099","14,363","14,791","15,074","15,864","16,685","17,256","17,779","16,854","17,470","17,514","18,037","17,249","17,754","18,884","19,234","19,825","20,211","20,649","20,283","20,862","23,216","24,724"
South East ,E07000224,Arun,"10,241","10,599","10,888","11,408","11,753","12,203","12,283","12,593","12,954","13,320","14,004","13,209","13,832","14,208","14,528","15,243","15,667","15,764","16,421","16,778","17,514","17,858","16,825","18,406","20,172","22,056"
South East ,E07000225,Chichester,"17,713","18,269","19,296","19,703","20,251","21,087","21,377","22,253","23,055","23,271","24,799","24,223","24,735","25,532","26,385","27,428","27,887","29,286","29,767","30,988","31,397","32,830","30,535","31,880","34,042","36,391"
South East ,E07000229,Worthing,"17,179","20,112","20,877","20,952","23,571","25,122","24,980","24,511","25,664","27,006","28,298","26,432","27,814","28,010","29,402","30,036","29,306","30,350","32,820","36,797","38,621","40,552","40,880","42,548","43,821","46,930"
South East ,E07000226,Crawley,"34,928","35,843","36,087","35,888","37,718","38,707","38,601","38,338","40,725","42,519","45,085","43,330","45,069","45,456","47,257","49,222","50,234","53,322","54,966","57,684","57,651","58,520","43,902","46,577","52,297","55,297"
South East ,E07000227,Horsham,"16,422","17,574","18,175","18,584","19,587","20,116","20,217","21,048","21,769","22,543","23,928","22,662","23,440","24,054","24,440","23,156","24,003","24,227","25,110","25,349","27,579","27,880","26,912","27,547","28,919","33,058"
South East ,E07000228,Mid Sussex,"15,055","15,834","16,743","17,259","17,718","18,346","18,743","19,411","20,233","20,897","21,747","20,905","21,494","21,836","22,265","22,419","22,897","24,070","24,405","25,073","25,581","27,171","26,131","27,001","29,127","31,077"
South East ,E06000044,Portsmouth,"16,498","17,143","17,898","18,773","19,825","20,559","21,636","22,552","23,402","25,100","26,446","25,784","26,145","26,604","28,107","28,990","29,968","29,808","29,702","31,359","31,856","34,276","33,604","35,287","37,370","41,317"
South East ,E06000045,Southampton,"16,992","17,383","17,862","18,573","19,896","20,984","22,990","23,977","24,496","25,834","27,104","27,610","28,309","30,210","30,350","30,975","31,675","33,376","33,427","36,382","37,566","38,839","36,909","38,746","39,491","42,580"
South East ,E06000046,Isle of Wight,"10,679","11,014","11,426","11,736","12,498","13,029","13,734","14,085","14,798","15,130","15,855","15,243","15,824","16,605","17,378","18,649","19,462","19,878","19,829","20,561","20,835","22,057","21,126","22,673","25,102","26,787"
South East ,E07000086,Eastleigh,"20,194","19,901","20,953","22,597","23,423","24,369","25,259","26,131","26,988","27,787","28,215","26,852","27,929","28,470","29,070","29,579","31,703","32,955","34,362","36,774","35,551","37,020","33,857","36,291","38,504","41,250"
South East ,E07000087,Fareham,"16,257","16,411","17,092","17,567","17,854","18,352","19,190","20,288","20,841","21,507","22,377","21,178","22,277","23,265","24,346","25,195","26,647","26,665","28,115","29,304","29,158","30,435","29,222","31,365","34,649","36,304"
South East ,E07000088,Gosport,"9,040","9,307","9,636","9,993","10,350","10,858","11,259","11,590","11,852","12,145","12,639","12,374","12,762","13,071","13,212","13,810","14,542","14,720","15,192","15,981","16,227","16,492","16,187","17,513","18,265","20,272"
South East ,E07000090,Havant,"14,200","14,221","14,948","15,307","16,282","16,092","16,992","17,821","18,603","19,817","20,946","20,751","22,546","23,291","24,884","26,093","26,059","26,051","26,178","25,504","24,301","24,373","23,604","23,293","25,186","26,661"
South East ,E07000085,East Hampshire,"15,612","16,247","16,862","17,311","17,901","18,318","18,618","19,583","20,106","20,545","21,253","20,517","21,211","22,053","22,536","22,282","22,670","23,328","23,141","24,106","24,748","26,208","24,530","25,384","27,089","27,737"
South East ,E07000091,New Forest,"16,455","16,367","17,165","18,217","18,425","19,532","20,540","20,924","21,174","21,886","22,242","21,648","22,811","23,260","23,338","24,734","24,847","25,942","27,081","28,001","29,179","30,770","29,026","31,022","34,718","36,597"
South East ,E07000093,Test Valley,"18,719","18,851","19,787","20,468","20,811","21,230","21,746","22,642","23,299","23,933","24,698","23,613","24,780","25,554","26,267","26,591","27,705","28,693","29,563","29,665","30,306","31,670","30,090","32,104","34,259","36,400"
South East ,E07000094,Winchester,"22,936","23,807","25,164","26,352","27,088","27,774","29,407","31,155","32,163","34,157","35,074","34,380","35,498","36,368","38,111","39,353","41,986","44,282","45,204","48,212","47,800","49,189","43,923","47,883","48,944","51,328"
South East ,E07000084,Basingstoke and Deane,"27,868","28,171","29,710","30,851","32,418","33,001","34,385","35,800","36,243","37,634","38,612","39,096","39,912","40,465","41,064","42,701","42,244","40,286","40,030","40,368","41,726","44,002","40,818","42,734","45,836","45,920"
South East ,E07000089,Hart,"21,073","21,790","24,135","26,048","27,825","28,007","28,891","29,775","30,374","32,497","33,113","31,005","32,799","33,753","33,528","36,491","36,942","39,855","41,604","34,573","35,798","37,978","34,558","35,605","37,921","39,667"
South East ,E07000092,Rushmoor,"18,504","18,568","19,975","21,609","23,154","24,226","25,977","27,131","27,897","29,882","31,295","30,978","32,562","33,429","33,848","34,335","34,723","36,295","39,458","50,977","57,706","65,815","67,234","71,652","72,082","80,299"
South East ,E06000035,Medway,"11,976","12,298","12,416","12,963","13,602","14,411","15,151","16,055","16,728","17,264","18,086","17,388","18,053","18,543","19,242","19,754","19,976","20,409","21,236","22,278","22,858","24,278","24,119","24,563","27,414","30,128"
South East ,E07000107,Dartford,"22,356","23,234","23,709","24,383","26,017","27,573","28,261","29,526","30,096","30,999","32,391","30,403","30,777","31,643","32,650","33,635","36,191","38,581","41,241","38,936","38,513","38,094","34,768","37,246","37,779","40,467"
South East ,E07000109,Gravesham,"10,097","10,302","10,417","10,838","11,547","11,982","12,345","12,786","12,980","13,491","14,395","13,558","14,168","14,460","15,254","15,625","15,862","16,487","17,376","17,838","18,472","19,710","19,330","20,909","23,306","23,871"
South East ,E07000113,Swale,"15,422","15,697","15,750","16,372","17,171","18,071","18,419","18,329","18,194","18,671","19,370","17,031","18,054","18,674","18,512","19,003","19,668","20,292","21,137","21,094","22,198","24,351","24,042","25,972","25,194","26,745"
South East ,E07000106,Canterbury,"13,889","14,176","14,425","15,199","15,808","16,552","17,325","18,315","18,709","19,309","20,424","19,782","20,512","20,910","21,013","21,611","22,597","22,382","22,076","23,433","24,678","24,948","23,970","26,505","27,966","30,512"
South East ,E07000108,Dover,"14,353","15,716","17,654","17,896","16,899","17,680","19,467","19,215","18,049","18,020","19,891","17,829","18,801","20,418","20,316","20,507","21,227","22,881","22,863","22,976","23,803","24,361","22,739","24,403","29,126","30,362"
South East ,E07000112,Folkestone and Hythe,"12,543","12,867","13,236","13,311","13,772","14,438","14,916","16,096","16,842","17,382","18,200","17,531","17,687","18,233","18,856","19,433","19,521","20,791","22,181","23,462","23,054","23,677","22,209","21,833","25,926","28,514"
South East ,E07000114,Thanet,"9,627","9,998","10,221","10,537","11,022","11,695","12,192","12,967","13,312","13,713","14,565","13,651","14,092","14,342","14,345","14,787","15,080","15,563","16,301","17,141","17,738","18,307","17,572","18,523","20,357","21,532"
South East ,E07000105,Ashford,"16,921","17,377","17,665","18,027","18,540","18,952","19,675","20,639","21,357","21,963","22,778","21,285","21,940","22,371","23,257","23,256","24,601","25,414","25,631","25,853","26,455","28,179","26,471","27,322","29,423","32,060"
South East ,E07000110,Maidstone,"16,314","16,764","17,312","18,078","18,670","19,782","20,632","21,348","21,809","22,672","23,690","22,272","23,057","23,599","23,284","24,031","24,746","25,600","26,322","26,938","28,112","29,764","29,084","30,309","32,419","33,787"
South East ,E07000111,Sevenoaks,"17,275","17,672","18,119","19,162","19,948","21,018","21,971","23,337","23,914","24,780","25,389","23,661","24,803","26,107","27,737","29,716","30,632","32,953","35,339","36,366","38,632","38,465","36,715","39,521","41,660","46,511"
South East ,E07000115,Tonbridge and Malling,"22,189","23,521","24,631","24,858","25,575","26,390","27,239","28,635","29,640","30,723","31,638","30,324","31,405","31,627","32,016","33,143","32,969","33,121","34,346","35,950","38,180","41,700","40,920","42,763","44,007","44,406"
South East ,E07000116,Tunbridge Wells,"19,478","19,896","19,619","20,414","20,806","21,583","22,784","24,679","25,003","25,119","26,117","25,643","26,431","27,685","27,626","27,938","28,478","31,511","33,835","34,554","33,771","34,151","32,260","33,795","36,425","38,565"
South West ,E06000052,Cornwall,"11,475","11,787","12,343","12,854","13,732","14,766","15,258","16,125","17,113","17,407","18,130","17,111","17,420","17,969","18,539","19,172","19,679","19,935","20,861","22,276","23,088","23,860","22,025","25,081","27,200","28,602"
South West ,E06000053,Isles of Scilly,"18,096","18,151","19,217","18,897","19,720","22,348","22,252","23,052","25,526","24,001","24,577","24,748","25,158","27,836","28,088","29,241","28,202","30,560","31,901","36,115","37,021","36,468","31,459","31,138","36,004","33,377"
South West ,E06000026,Plymouth,"12,857","13,620","13,860","14,648","15,160","16,024","17,522","17,844","18,824","18,997","19,716","19,213","19,976","20,599","21,184","21,652","22,099","22,732","23,369","23,964","24,701","25,256","23,435","26,934","28,689","30,446"
South West ,E06000027,Torbay,"10,591","11,131","11,199","11,532","11,927","12,461","13,742","14,290","15,042","15,307","15,627","14,970","15,638","15,883","16,016","16,498","16,619","16,539","16,646","16,667","16,383","16,932","15,992","18,692","20,067","21,478"
South West ,E07000040,East Devon,"13,046","13,586","13,748","13,984","14,505","15,154","16,382","17,021","17,612","17,601","18,047","17,655","18,380","19,227","20,033","19,790","20,840","20,727","20,480","21,302","21,706","22,955","21,490","24,269","26,502","28,204"
South West ,E07000041,Exeter,"22,748","23,868","24,514","25,796","27,519","29,553","32,522","33,286","35,236","36,258","37,477","37,332","38,020","37,374","38,398","41,392","40,550","42,383","43,683","46,423","46,312","48,013","44,668","50,481","50,154","53,528"
South West ,E07000042,Mid Devon,"12,216","12,493","12,586","12,824","13,247","13,351","13,979","14,285","14,779","14,642","15,001","14,357","15,149","15,565","15,661","16,372","17,335","18,040","18,211","19,151","20,100","20,264","18,324","20,993","23,792","24,874"
South West ,E07000043,North Devon,"13,632","14,776","15,107","15,479","16,221","16,961","17,855","18,485","19,732","20,003","20,498","19,971","21,191","21,662","22,189","22,721","23,344","24,750","25,496","25,873","26,455","26,824","24,317","28,152","31,597","32,816"
South West ,E07000044,South Hams,"15,122","15,584","15,912","16,749","17,496","18,693","19,958","20,687","21,553","21,689","22,246","21,175","22,360","23,520","23,523","23,875","25,309","25,649","25,921","26,225","27,138","27,057","24,991","28,939","31,140","32,864"
South West ,E07000045,Teignbridge,"10,922","11,358","11,676","11,942","12,550","13,184","14,012","14,461","15,179","15,189","15,501","14,744","15,793","16,332","17,009","17,600","19,046","19,537","20,225","21,111","20,891","21,226","18,948","22,581","24,776","25,839"
South West ,E07000046,Torridge,"10,920","11,164","11,177","11,347","11,949","12,292","13,025","13,378","13,927","13,807","14,379","13,836","14,495","15,062","15,498","15,760","16,658","16,138","16,226","16,899","16,960","17,202","15,934","18,244","21,171","22,401"
South West ,E07000047,West Devon,"11,188","11,558","11,554","11,930","12,454","13,009","13,836","14,384","15,027","14,911","15,065","14,245","14,860","15,174","14,898","15,587","16,263","16,480","16,826","17,192","17,292","16,965","15,919","18,124","19,065","20,334"
South West ,E06000023,"Bristol, City of","17,747","18,512","19,578","21,132","22,052","22,995","24,193","24,366","25,345","27,122","28,170","28,343","29,533","29,402","30,334","30,523","31,711","32,574","34,107","36,210","35,694","37,313","35,540","40,718","43,147","47,148"
South West ,E06000022,Bath and North East Somerset,"15,205","15,808","16,644","17,418","18,313","19,077","19,793","20,413","21,254","21,984","22,703","22,084","23,239","23,469","23,803","23,374","24,309","24,389","24,740","25,134","25,503","27,034","25,095","28,007","29,464","31,703"
South West ,E06000025,South Gloucestershire,"21,930","22,934","24,092","25,868","27,018","28,506","29,843","30,783","31,992","33,180","34,709","33,951","34,945","35,957","37,833","38,303","41,359","41,164","42,824","43,413","44,932","46,358","45,264","49,748","54,737","60,120"
South West ,E06000024,North Somerset,"13,540","14,097","14,608","15,217","15,801","16,416","17,133","17,480","17,788","18,347","18,786","17,891","18,611","19,036","19,594","20,380","21,343","21,778","22,785","22,954","23,698","24,555","23,355","26,087","27,457","29,753"
South West ,E06000066,Somerset,"14,224","14,942","15,602","15,689","16,169","16,786","17,598","18,528","19,340","19,506","20,170","19,571","20,035","20,530","20,763","20,905","22,097","22,290","22,462","23,933","24,777","25,365","24,470","25,690","27,837","30,486"
South West ,E06000058,"Bournemouth, Christchurch and Poole","15,662","16,592","17,329","17,862","18,229","19,464","20,509","21,641","22,567","23,136","23,975","23,314","23,305","23,487","23,655","24,832","25,441","25,774","26,960","28,991","29,018","30,345","29,028","31,671","34,276","37,048"
South West ,E06000059,Dorset,"13,791","14,719","15,518","15,458","15,733","16,116","16,685","17,564","18,142","18,410","19,559","18,656","19,394","19,636","20,171","20,652","21,572","21,536","21,901","22,868","24,429","25,155","23,905","26,024","28,594","29,573"
South West ,E06000030,Swindon,"23,992","24,764","25,666","27,974","29,158","31,032","32,187","33,608","35,589","38,295","39,758","38,909","39,154","38,263","38,076","38,800","41,622","42,724","42,944","43,422","46,219","47,518","43,321","46,118","54,647","57,253"
South West ,E06000054,Wiltshire,"15,422","16,185","16,841","17,856","18,350","18,946","19,721","20,211","20,622","21,434","22,033","21,403","22,504","23,031","23,796","24,351","25,528","25,305","25,847","26,386","27,204","27,944","26,413","29,091","31,217","33,332"
South West ,E07000078,Cheltenham,"16,459","17,136","18,152","19,406","20,184","21,167","22,278","22,691","23,200","24,051","25,206","24,696","26,560","26,379","25,822","26,374","28,167","28,524","29,327","30,477","31,409","33,152","32,411","36,025","37,555","41,146"
South West ,E07000079,Cotswold,"23,325","24,784","25,458","26,925","27,246","28,344","30,178","33,365","33,663","35,147","35,093","36,400","38,260","36,377","35,564","37,591","39,087","37,180","40,556","43,143","45,890","47,504","42,573","45,670","49,118","53,399"
South West ,E07000080,Forest of Dean,"15,907","15,931","16,547","17,451","17,302","17,835","17,366","17,864","18,727","19,876","20,575","19,307","20,339","21,429","23,029","22,255","23,527","22,863","20,452","21,760","23,569","28,832","28,990","28,999","28,233","25,981"
South West ,E07000081,Gloucester,"16,590","16,949","17,559","18,795","19,921","20,829","21,713","22,151","22,915","23,751","24,220","23,957","24,942","24,665","25,837","25,853","27,090","27,533","27,171","28,010","27,293","28,066","27,451","29,333","29,852","32,771"
South West ,E07000082,Stroud,"15,088","15,752","16,198","16,746","16,842","17,298","17,850","18,279","18,240","19,085","19,520","18,510","20,406","20,989","21,820","22,672","22,962","22,886","24,855","26,064","26,835","27,787","25,081","27,663","29,429","29,705"
South West ,E07000083,Tewkesbury,"22,192","22,511","23,047","24,224","25,155","26,137","27,269","27,744","28,219","29,131","29,696","28,864","30,005","31,037","32,278","34,783","35,488","37,472","35,491","39,348","37,567","38,629","34,917","39,913","43,240","45,608"
Wales,W06000001,Isle of Anglesey,"9,915","10,071","10,516","10,913","11,307","12,313","13,713","14,037","14,425","14,533","14,618","13,524","13,675","14,565","14,924","15,193","15,450","16,406","17,570","18,155","18,908","19,882","17,440","19,578","23,153","24,279"
Wales,W06000002,Gwynedd,"12,826","12,961","13,381","13,807","14,830","15,923","16,622","17,824","18,981","19,372","19,567","18,735","18,647","19,429","19,936","21,107","21,264","21,761","21,976","23,261","23,838","24,688","21,928","24,399","26,009","27,791"
Wales,W06000003,Conwy,"9,892","10,145","10,502","10,819","11,341","11,996","12,504","13,082","13,608","13,733","13,713","13,045","13,712","14,343","14,669","15,726","16,317","16,951","17,627","19,168","19,460","20,061","18,418","19,118","20,567","22,931"
Wales,W06000004,Denbighshire,"11,650","11,768","12,193","12,717","13,648","14,400","15,319","16,006","16,729","16,992","17,264","16,623","17,322","18,120","18,048","19,123","19,754","20,025","21,006","22,100","22,816","23,403","22,526","24,225","26,506","28,165"
Wales,W06000005,Flintshire,"15,696","15,852","16,511","16,732","16,912","17,744","18,406","19,091","20,442","20,658","21,707","21,033","22,251","24,657","26,124","26,956","26,946","28,024","29,576","30,253","31,769","32,576","30,704","32,584","35,987","40,053"
Wales,W06000006,Wrexham,"15,239","15,190","15,964","16,362","16,663","17,664","18,730","19,575","20,453","21,179","20,778","20,649","21,606","22,361","22,974","23,964","23,521","24,240","24,451","25,020","26,422","27,794","26,953","30,085","32,352","35,856"
Wales,W06000008,Ceredigion,"11,396","11,331","11,738","12,298","13,131","13,932","14,667","15,265","16,198","16,571","16,881","16,681","17,126","18,133","17,718","18,419","18,293","19,390","20,228","21,015","22,279","22,660","21,283","22,674","25,248","26,980"
Wales,W06000023,Powys,"11,189","11,493","12,183","12,681","13,146","14,120","14,578","14,878","15,309","15,742","15,229","14,923","15,500","16,162","16,879","17,440","17,976","18,802","19,345","19,606","20,201","20,529","19,504","20,321","21,976","23,918"
Wales,W06000009,Pembrokeshire,"12,129","11,800","11,870","12,849","12,893","13,982","16,617","16,200","15,670","17,264","17,035","15,409","16,079","16,079","16,854","18,649","18,703","22,490","22,611","23,936","23,255","25,459","21,369","22,858","27,754","27,555"
Wales,W06000010,Carmarthenshire,"11,226","11,331","11,736","12,135","12,663","13,273","13,828","14,570","15,260","15,572","15,693","14,777","15,288","15,905","16,729","17,610","18,230","18,842","19,588","19,811","20,616","21,726","20,367","21,494","24,525","26,212"
Wales,W06000011,Swansea,"12,951","13,269","13,834","14,690","15,247","16,137","17,360","18,336","19,040","19,674","20,167","19,999","19,978","20,595","20,927","21,511","23,227","22,907","24,022","25,072","26,436","27,301","25,339","26,414","27,953","29,592"
Wales,W06000012,Neath Port Talbot,"11,612","11,914","12,426","12,023","12,040","12,253","12,495","13,072","14,291","14,724","15,060","14,415","15,852","16,089","16,474","17,396","17,834","18,458","19,155","19,693","20,147","21,457","19,600","21,610","22,091","23,541"
Wales,W06000013,Bridgend,"14,141","14,385","15,105","15,333","16,070","17,077","17,765","18,461","19,278","19,600","19,854","18,642","19,698","20,405","20,494","21,487","22,648","22,527","22,710","24,071","25,193","27,027","24,955","26,145","27,682","28,830"
Wales,W06000016,Rhondda Cynon Taf,"10,242","10,486","10,796","10,980","11,688","12,185","12,607","13,280","14,170","14,546","15,037","15,481","16,634","17,352","17,802","18,671","19,485","19,224","20,226","20,561","20,908","21,440","20,159","21,085","23,400","24,565"
Wales,W06000024,Merthyr Tydfil,"10,974","11,421","12,217","12,610","13,217","14,177","15,554","16,690","17,114","17,458","17,549","17,128","17,241","18,057","18,057","18,266","18,375","18,845","19,284","20,185","20,997","21,236","20,192","21,002","21,725","24,540"
Wales,W06000014,Vale of Glamorgan,"10,957","11,426","11,847","12,484","13,088","13,911","13,782","14,311","15,037","15,076","14,829","14,753","14,862","15,345","16,347","17,364","17,551","18,642","18,939","18,656","18,617","19,215","16,883","17,706","19,660","20,932"
Wales,W06000015,Cardiff,"18,296","19,564","20,439","21,275","22,329","23,793","24,910","26,058","27,312","29,071","28,475","28,434","28,417","29,284","30,416","30,933","31,919","32,529","34,427","35,690","36,488","38,164","37,179","39,566","41,517","43,671"
Wales,W06000018,Caerphilly,"10,380","10,474","10,888","11,067","11,292","11,765","12,260","12,726","13,265","13,433","13,523","13,258","13,717","14,616","14,903","15,599","16,068","16,941","18,003","18,684","19,327","20,262","19,243","20,700","20,881","21,820"
Wales,W06000019,Blaenau Gwent,"8,804","8,901","9,391","9,580","9,935","10,224","10,763","11,314","11,691","11,915","11,878","11,343","11,982","12,726","13,290","13,531","13,599","14,222","14,316","15,420","16,347","16,588","15,644","17,300","18,939","21,357"
Wales,W06000020,Torfaen,"11,363","11,535","12,231","12,456","13,103","14,168","14,958","15,693","16,578","16,581","16,529","15,787","16,609","17,534","17,384","18,422","18,884","18,588","18,469","19,420","20,664","22,057","20,264","21,012","23,098","24,796"
Wales,W06000021,Monmouthshire,"13,145","13,999","15,117","15,592","16,233","17,011","17,748","18,410","19,301","19,839","19,992","19,098","19,470","20,230","21,014","21,369","22,395","23,570","23,310","23,787","25,062","26,017","25,292","25,619","27,741","30,315"
Wales,W06000022,Newport,"16,276","16,987","17,946","18,258","18,535","20,013","21,201","21,900","22,891","23,765","22,735","22,175","23,070","23,871","24,281","23,986","23,921","24,666","26,742","27,441","29,470","29,982","27,703","28,750","31,175","32,862"
Scotland,S12000005,Clackmannanshire,"10,407","10,934","11,299","11,411","11,966","12,843","13,461","14,180","15,185","16,021","16,275","15,691","15,740","16,400","16,552","16,699","18,576","19,420","20,214","20,851","23,091","24,190","22,675","25,163","28,282","26,916"
Scotland,S12000047,Fife,"12,635","12,864","13,291","13,682","14,243","14,950","15,563","16,161","17,456","18,032","18,627","17,867","18,226","18,521","19,128","19,929","20,813","21,176","21,728","22,402","22,181","23,041","22,363","24,078","26,279","27,465"
Scotland,S12000030,Stirling,"16,968","17,555","18,519","19,863","20,590","22,159","23,222","24,576","25,369","27,117","26,874","26,998","26,413","26,799","27,328","28,331","28,317","27,932","27,818","29,453","28,976","31,215","29,156","32,768","34,978","37,511"
Scotland,S12000048,Perth and Kinross,"17,579","16,910","16,816","17,248","18,547","19,537","20,467","21,345","23,816","24,301","24,269","24,972","24,313","24,846","26,673","28,423","29,534","30,643","30,597","31,631","31,767","32,657","28,973","29,408","33,057","35,660"
Scotland,S12000041,Angus,"11,255","11,568","12,078","12,409","12,766","13,449","13,629","14,201","15,576","16,132","16,331","15,624","15,926","16,283","16,537","17,452","18,606","18,080","19,126","19,532","20,293","21,676","19,658","22,012","24,840","25,918"
Scotland,S12000042,Dundee City,"13,916","14,240","15,438","16,218","17,049","18,224","19,340","19,976","20,737","21,543","21,857","21,456","21,862","22,551","23,006","23,614","24,361","24,807","24,899","25,596","26,293","27,494","26,183","28,392","30,017","32,615"
Scotland,S12000010,East Lothian,"10,197","10,327","10,602","10,969","11,595","12,292","12,833","13,251","14,374","14,712","14,601","13,990","14,313","14,846","15,164","16,324","17,196","17,418","18,066","19,008","19,795","20,448","18,871","20,412","22,399","24,554"
Scotland,S12000019,Midlothian,"9,832","10,208","10,860","11,278","11,717","12,425","13,208","13,649","13,947","14,450","14,816","14,236","14,661","15,293","15,722","16,875","17,624","18,463","18,732","19,327","20,194","20,886","19,834","21,605","23,230","24,343"
Scotland,S12000014,Falkirk,"16,192","16,062","16,600","17,188","17,732","19,024","19,965","21,061","22,256","22,561","23,925","23,182","23,565","23,419","23,306","24,006","24,845","25,692","25,637","26,372","27,331","28,512","27,026","29,159","31,209","32,277"
Scotland,S12000036,City of Edinburgh,"23,380","23,711","25,483","27,430","29,484","32,032","34,891","36,581","38,295","40,021","39,685","40,883","40,494","40,144","41,488","42,743","43,885","44,313","47,397","49,898","50,985","52,723","49,244","54,978","63,921","69,809"
Scotland,S12000040,West Lothian,"16,745","17,146","17,259","17,663","18,476","19,423","20,448","21,077","22,204","22,964","23,454","22,195","22,944","24,022","24,349","23,948","24,971","26,318","26,659","27,712","29,039","29,761","28,785","31,481","35,854","38,101"
Scotland,S12000021,North Ayrshire,"10,782","11,333","11,827","12,149","12,174","12,875","13,234","14,137","15,133","15,394","15,874","15,321","15,705","15,930","16,659","17,675","18,293","18,323","18,803","19,286","19,602","20,647","20,247","21,710","23,753","26,112"
Scotland,S12000013,Na h-Eileanan Siar,"10,444","11,359","11,881","13,008","13,211","14,436","15,524","16,411","16,836","17,251","18,185","17,776","18,619","19,572","19,805","19,903","20,598","20,415","20,629","21,410","22,363","24,461","23,731","24,928","25,728","28,192"
Scotland,S12000023,Orkney Islands,"15,079","16,154","17,269","18,340","18,352","19,880","21,529","23,234","23,374","23,952","25,187","24,938","25,466","27,243","28,049","27,120","27,676","28,470","27,717","28,007","26,095","28,252","25,927","27,770","32,310","34,973"
Scotland,S12000027,Shetland Islands,"18,275","19,072","19,289","20,465","20,803","21,874","23,746","25,045","26,364","26,716","28,505","30,104","30,004","32,523","33,030","34,577","36,792","34,807","33,632","36,188","36,009","38,901","35,643","36,582","37,815","40,844"
Scotland,S12000035,Argyll and Bute,"12,526","13,238","13,818","14,656","15,011","16,265","17,576","19,199","19,724","20,340","21,508","21,370","21,637","22,811","23,682","23,601","24,273","24,270","24,714","26,470","26,812","28,509","26,546","28,333","30,292","33,064"
Scotland,S12000017,Highland,"14,317","15,072","15,684","16,377","16,655","18,116","19,274","20,203","20,813","21,228","21,827","21,073","22,176","23,380","24,158","25,384","26,275","26,491","27,018","28,873","29,495","30,747","28,344","29,622","33,376","35,775"
Scotland,S12000020,Moray,"13,617","14,068","14,507","14,811","15,227","16,256","17,147","17,999","18,890","19,966","21,710","21,527","21,563","22,746","22,723","23,164","23,411","23,705","23,325","25,582","26,307","27,197","26,197","27,746","31,143","33,781"
Scotland,S12000039,West Dunbartonshire,"10,450","10,798","11,397","12,321","12,835","13,558","14,717","15,736","16,758","16,969","17,871","17,378","17,683","18,482","18,191","18,454","19,700","20,094","21,647","22,723","24,016","25,038","23,113","25,499","27,703","31,886"
Scotland,S12000045,East Dunbartonshire,"8,355","8,664","8,898","9,329","9,658","10,251","10,721","11,419","11,962","12,046","12,290","11,742","11,746","12,342","12,687","13,278","14,233","14,670","14,875","15,906","16,334","16,684","14,973","16,772","18,479","19,306"
Scotland,S12000049,Glasgow City,"19,794","20,637","21,627","22,897","23,405","24,870","27,160","29,280","30,933","31,849","32,624","32,062","31,337","32,147","32,627","34,144","35,025","34,981","35,200","36,801","37,253","38,816","37,223","41,063","46,740","50,250"
Scotland,S12000011,East Renfrewshire,"7,939","8,229","8,586","8,876","9,159","9,646","10,131","10,250","10,655","10,745","11,337","10,712","10,876","11,261","11,861","12,662","13,371","13,726","13,994","14,667","14,790","14,796","14,201","15,638","16,842","18,093"
Scotland,S12000038,Renfrewshire,"14,932","15,246","16,136","16,963","17,555","18,226","19,222","20,084","21,183","20,908","21,939","20,939","21,007","21,953","22,419","23,619","25,735","26,448","26,015","27,548","28,380","29,147","27,589","30,738","30,466","31,813"
Scotland,S12000018,Inverclyde,"10,838","10,742","11,455","12,385","13,089","13,801","15,003","15,543","15,931","16,061","16,894","16,559","16,436","17,389","18,048","17,702","18,977","19,184","19,440","19,460","18,660","18,331","16,342","18,072","17,986","19,546"
Scotland,S12000050,North Lanarkshire,"13,439","13,587","14,084","14,955","15,494","16,349","17,193","18,101","19,011","19,206","20,178","19,398","19,510","20,054","20,546","21,434","23,659","23,906","24,522","26,200","26,875","27,942","26,741","28,871","30,944","34,184"
Scotland,S12000033,Aberdeen City,"25,167","25,446","26,138","28,389","29,769","30,509","32,431","34,088","38,598","42,679","47,008","45,314","46,764","47,641","50,620","53,403","53,990","51,412","46,747","45,637","47,362","48,817","43,344","44,490","49,680","52,583"
Scotland,S12000034,Aberdeenshire,"15,755","15,713","16,261","17,407","18,024","18,043","18,787","19,817","21,895","23,862","25,444","24,501","24,866","26,046","26,365","28,503","30,900","30,579","29,441","30,475","29,831","29,455","26,641","27,558","29,564","31,115"
Scotland,S12000026,Scottish Borders,"13,773","13,801","14,184","14,722","15,249","15,714","15,924","16,748","17,743","17,872","18,324","17,771","18,257","18,975","19,384","20,258","21,727","22,205","22,242","23,218","24,187","24,846","23,502","25,211","26,142","27,485"
Scotland,S12000006,Dumfries and Galloway,"14,053","14,654","15,604","16,572","16,955","17,959","18,439","19,281","20,289","20,486","21,505","20,836","20,756","21,706","22,316","23,501","24,638","24,701","25,202","26,629","26,608","27,963","26,329","27,728","29,758","32,027"
Scotland,S12000008,East Ayrshire,"10,268","10,705","11,179","11,879","12,243","12,703","13,279","14,387","15,336","15,777","16,377","15,886","15,990","16,323","16,581","16,778","17,304","17,716","17,950","19,260","19,014","19,307","18,426","19,855","21,220","23,015"
Scotland,S12000028,South Ayrshire,"13,625","14,023","15,074","15,732","16,449","17,032","18,014","18,950","20,024","19,920","20,728","20,407","21,013","21,542","21,589","21,760","22,939","23,418","23,692","24,757","25,433","25,903","23,071","24,547","27,513","30,057"
Scotland,S12000029,South Lanarkshire,"13,081","13,375","13,694","14,399","15,005","15,919","16,659","17,747","19,132","19,408","20,352","19,917","19,982","20,463","21,085","22,059","22,916","23,069","23,546","24,861","24,762","25,405","23,728","24,933","26,764","28,895"
Northern Ireland,N09000003,Belfast,"18,106","19,464","21,098","22,487","23,416","25,774","27,434","29,077","30,634","31,977","32,224","31,928","31,101","32,218","32,942","34,665","34,900","35,973","38,332","40,686","41,613","43,009","40,796","46,739","50,785",[u]
Northern Ireland,N09000002,"Armagh City, Banbridge and Craigavon","11,224","11,824","12,490","13,179","13,454","14,210","14,753","15,444","16,183","16,934","16,727","15,873","16,136","16,623","16,869","17,749","18,403","18,905","20,007","20,618","21,464","22,350","20,950","23,145","24,868",[u]
Northern Ireland,N09000010,"Newry, Mourne and Down","10,335","10,891","11,737","12,199","12,486","13,275","13,763","14,485","15,190","15,462","15,619","14,732","14,780","15,604","16,093","16,780","17,702","18,053","18,986","19,578","20,157","21,276","20,153","21,883","23,773",[u]
Northern Ireland,N09000011,Ards and North Down,"8,694","9,139","9,664","10,102","10,447","11,144","11,439","12,158","12,862","13,278","13,378","12,584","12,622","13,241","13,554","13,307","13,825","13,909","15,013","15,792","16,198","16,618","15,872","17,124","18,253",[u]
Northern Ireland,N09000005,Derry City and Strabane,"10,541","11,026","11,465","11,977","12,293","13,688","14,005","15,215","16,298","16,350","16,805","16,556","16,573","17,170","17,783","18,079","18,362","18,671","19,799","20,909","21,289","22,759","22,560","24,284","26,650",[u]
Northern Ireland,N09000009,Mid Ulster,"14,808","15,727","17,117","17,559","17,798","19,437","19,949","21,003","21,774","22,279","21,173","18,903","19,749","20,076","20,299","21,528","22,392","23,097","24,005","24,787","26,449","28,228","25,800","28,698","32,013",[u]
Northern Ireland,N09000004,Causeway Coast and Glens,"10,289","10,928","11,935","12,076","12,323","13,211","13,578","14,300","15,184","15,553","15,493","14,822","15,151","15,915","16,315","16,486","16,714","16,734","17,847","18,638","18,496","19,111","17,773","20,077","21,846",[u]
Northern Ireland,N09000001,Antrim and Newtownabbey,"14,335","15,131","16,166","17,030","17,422","18,175","18,829","19,476","20,581","21,553","21,064","19,941","20,373","21,181","21,564","21,541","22,782","23,389","24,150","25,433","25,755","26,989","26,452","28,255","29,653",[u]
Northern Ireland,N09000007,Lisburn and Castlereagh,"13,198","14,005","15,029","15,933","16,336","17,450","17,873","18,827","19,795","20,474","20,270","19,538","19,557","20,089","20,755","21,232","21,661","22,348","23,302","23,755","24,826","26,044","24,376","26,849","29,271",[u]
Northern Ireland,N09000008,Mid and East Antrim,"16,902","17,660","19,152","18,525","18,953","19,219","20,292","20,169","20,969","21,165","21,934","23,077","22,796","21,854","24,495","24,405","23,957","26,240","25,645","23,395","20,269","21,194","20,203","21,966","23,822",[u]
Northern Ireland,N09000006,Fermanagh and Omagh,"11,901","12,522","13,270","13,847","14,233","15,224","15,906","17,144","18,069","18,336","18,232","17,453","17,388","17,736","18,646","17,941","19,019","19,198","20,353","21,483","22,265","23,222","22,487","24,509","26,405",[u]
