Date,North East,,North West,,Yorkshire and The Humber,,East Midlands,,West Midlands,,East,,London,,South East,,South West,,Wales,,Scotland,,Northern Ireland,
,number,conf %,number,conf %,number,conf %,number,conf %,number,conf %,number,conf %,number,conf %,number,conf %,number,conf %,number,conf %,number,conf %,number,conf %
2002,"18,075",2,"19,281",1,"18,899",1,"19,513",1,"19,183",1,"21,731",1,"25,235",1,"22,880",1,"19,308",2,"18,411",2,"19,116",1,"18,325",3
2003,"18,349",2,"20,031",1,"19,618",1,"20,245",1,"19,803",1,"22,666",1,"26,201",1,"23,797",1,"20,120",1,"19,156",2,"19,943",1,"18,502",2
2004,"19,311",2.7,"20,895",1.5,"20,469",1.6,"20,935",1.8,"20,795",1.7,"23,690",1.6,"27,046",1.4,"24,700",1.1,"21,000",1.4,"20,211",2.6,"20,609",1.5,"19,622",3
2005,"20,132",2.4,"21,923",1.5,"21,493",1.5,"21,950",1.7,"21,570",1.4,"24,393",1.9,"28,177",1.3,"25,224",1.3,"21,667",1.6,"20,998",2.6,"21,476",1.6,"20,060",2.6
2006,"20,431",1.9,"22,052",1.1,"21,843",1.2,"22,187",1.4,"22,110",1.2,"24,756",1.2,"28,671",1.2,"25,924",1,"22,255",1.4,"21,155",2.1,"22,477",1.3,"20,742",2.5
2007,"21,026",2,"22,833",1.4,"22,381",1.3,"22,544",1.7,"22,559",1.6,"25,526",1.4,"29,841",1.2,"26,666",1.2,"22,951",1.6,"21,589",2.2,"23,032",1.7,"20,934",2.6
2008,"21,872",2.4,"23,864",1.6,"23,410",1.7,"23,724",1.6,"23,820",1.8,"26,584",1.7,"31,097",1.3,"27,876",1.4,"23,968",1.8,"22,324",2.8,"24,132",1.5,"22,121",2.9
2009,"22,847",2.2,"24,011",1.4,"24,000",1.6,"24,549",1.6,"23,942",1.5,"27,303",1.5,"31,941",1.1,"28,657",1.1,"24,523",1.5,"23,124",2.3,"24,946",1.5,"23,015",2.9
2010,"23,184",2,"24,291",1.3,"23,949",1.3,"24,453",1.4,"23,901",1.3,"27,229",1.3,"32,003",1,"28,822",1,"24,474",1.3,"23,490",1.7,"25,082",1.2,"22,390",4
2011,"23,204",1.8,"24,166",1.2,"24,108",1.3,"24,337",1.3,"24,321",1.3,"27,799",1.3,"31,852",1,"29,286",1,"24,791",1.3,"23,606",1.6,"25,358",1.1,"23,035",2.2
2012,"23,769",1.6,"24,646",1.3,"24,285",1.5,"24,995",1.4,"24,615",1.4,"27,968",1.4,"32,509",0.9,"29,461",1.2,"25,036",1.4,"23,918",1.6,"25,907",1.1,"23,995",2.5
2013,"24,234",1.7,"25,309",1.2,"24,973",1.5,"25,379",1.3,"25,355",1.4,"28,369",1.3,"32,750",1.1,"29,650",1,"25,630",1.3,"24,427",1.5,"26,444",1.3,"23,999",2.3
2014,"24,805",1.8,"25,324",1.3,"25,000",1.6,"25,420",1.5,"25,052",1.6,"28,752",1.3,"32,768",1.3,"29,869",1.1,"26,029",1.5,"24,848",2,"26,955",1.5,"24,501",3
2015,"25,232",2.2,"25,711",1.3,"25,114",1.8,"25,609",1.5,"25,598",1.4,"29,259",1.6,"33,109",1.3,"30,074",1.1,"26,496",1.3,"25,254",2.1,"27,711",1.3,"25,708",2.1
2016,"25,660",1.7,"26,220",1.4,"25,947",1.6,"26,554",1.7,"26,270",1.3,"30,000",1.4,"33,694",1.5,"30,741",1.2,"26,796",1.4,"25,755",2.1,"27,998",1.3,"26,000",2.5
2017,"26,046",1.7,"26,660",1.4,"26,293",1.4,"26,556",1.3,"26,843",1.6,"30,234",1.2,"34,725",1.2,"31,664",1.2,"27,533",1.3,"26,339",1.7,"28,365",1.2,"25,969",2.5
2018,"26,505",1.7,"27,520",1.5,"26,894",1.3,"27,606",1.6,"27,600",1.4,"31,000",1.5,"35,702",1.3,"32,251",1,"28,402",1.6,"27,043",1.9,"29,275",1.2,"27,156",2
2019,"27,251",2.2,"28,511",1.5,"27,921",1.3,"28,556",1.7,"28,278",1.6,"31,900",1.3,"36,851",1.3,"33,396",1.3,"29,282",1.4,"27,858",2.2,"30,000",1.4,"27,453",2
2020,"27,906",2,"29,523",1.3,"28,810",1.5,"29,417",1.5,"29,485",1.8,"33,002",1.4,"38,526",1.4,"34,193",1.3,"30,172",1.5,"28,530",1.5,"31,840",1.5,"28,547",2.3
2021,"27,666",2.1,"29,570",1.2,"28,974",1.3,"29,161",1.5,"29,662",1.2,"32,053",1.3,"37,635",1.2,"33,939",1.1,"29,534",1.3,"28,886",1.6,"31,501",1.3,"28,902",4.5
2022,"29,816",2.6,"30,883",1.4,"30,531",1.6,"30,946",1.4,"31,416",1.8,"34,426",1.4,"39,497",1.5,"35,734",1.5,"31,799",1.7,"30,846",1.8,"33,332",1.5,"30,214",2.4
2023,"31,435",1.8,"33,127",1.3,"32,075",1.6,"32,611",1.8,"33,351",1.8,"36,538",1.8,"42,083",1.4,"37,434",1.3,"34,140",1.6,"32,963",1.9,"35,549",1.2,"32,752",3
2024,"33,380",1.9,"35,304",1,"34,723",1.1,"34,834",1.3,"35,000",1.3,"39,098",1.2,"44,796",1,"40,350",0.7,"36,109",1.1,"34,898",1.6,"38,321",1,"34,249",1.7
2025,"34,833",1.7,"37,445",1,"35,990",1.1,"36,194",1.1,"37,048",1.1,"40,863",1,"46,414",1.2,"41,618",0.8,"37,543",1,"36,354",1.4,"39,905",1,"37,129",1.8
,,,,,,,,,,,,,,,,,,,,,,,,
,,,,,,,,,,,,,,,,,,,,,,,,
,,,,,,,,,,,,,,,,,,,,,,,,
,,,,,,,,,,,,,,,,,,,,,,,,
,,,,,,,,,,,,,,,,,,,,,,,,
,,,,,,,,,,,,,,,,,,,,,,,,
,,,,,,,,,,,,,,,,,,,,,,,,
,,,,,,,,,,,,,,,,,,,,,,,,
,,,,,,,,,,,,,,,,,,,,,,,,
,,,,,,,,,,,,,,,,,,,,,,,,
 ,,,,,,,,,,,,,,,,,,,,,,,,
